Handle,Title,Body (HTML),Vendor,Product Category,Type,Tags,Published,Option1 Name,Option1 Value,Option2 Name,Option2 Value,Option3 Name,Option3 Value,Variant SKU,Variant Grams,Variant Inventory Tracker,Variant Inventory Qty,Variant Inventory Policy,Variant Fulfillment Service,Variant Price,Variant Compare At Price,Variant Requires Shipping,Variant Taxable,Variant Barcode,Image Src,Image Position,Image Alt Text,Gift Card,SEO Title,SEO Description,Google Shopping / Google Product Category,Google Shopping / Gender,Google Shopping / Age Group,Google Shopping / MPN,Google Shopping / Condition,Google Shopping / Custom Product,Google Shopping / Custom Label 0,Google Shopping / Custom Label 1,Google Shopping / Custom Label 2,Google Shopping / Custom Label 3,Google Shopping / Custom Label 4,Variant Image,Variant Weight Unit,Variant Tax Code,Cost per item,Included / India,Price / India,Compare At Price / India,Included / International,Price / International,Compare At Price / International,Status
asuka-color-blocked-dress-dawn-dr-5004a-dawn,Asuka Color-Blocked Dress - Dawn,<p>Color-blocked sleeveless calf-length dress with pockets in shades of beige and off-white - perfect to wear at home or for a get-together with friends.</p>,SALE IS LIVE ,,Dresses,Copy AI,TRUE,Top Size,XS,,,,,DR-5004A-XS,1000,,100,deny,manual,349,1299,TRUE,TRUE,,https://cdn.shopify.com/s/files/1/0678/8415/5132/products/asuka-1.jpg?v=1705822804,1,,FALSE,,,,,,,,,,,,,,,kg,,,TRUE,,,TRUE,,,active
asuka-color-blocked-dress-dawn-dr-5004a-dawn,,,,,,,,,S,,,,,DR-5004A-S,1000,,100,deny,manual,349,1299,TRUE,TRUE,,https://cdn.shopify.com/s/files/1/0678/8415/5132/products/3-1_1_1.jpg?v=1705822804,2,,,,,,,,,,,,,,,,,kg,,,,,,,,,
asuka-color-blocked-dress-dawn-dr-5004a-dawn,,,,,,,,,M,,,,,DR-5004A-M,1000,,100,deny,manual,349,1299,TRUE,TRUE,,https://cdn.shopify.com/s/files/1/0678/8415/5132/products/3-2_2.jpg?v=1705822804,3,,,,,,,,,,,,,,,,,kg,,,,,,,,,
asuka-color-blocked-dress-dawn-dr-5004a-dawn,,,,,,,,,L,,,,,DR-5004A-L,1000,,100,deny,manual,349,1299,TRUE,TRUE,,https://cdn.shopify.com/s/files/1/0678/8415/5132/products/3-3_2_1.jpg?v=1705822804,4,,,,,,,,,,,,,,,,,kg,,,,,,,,,
asuka-color-blocked-dress-dawn-dr-5004a-dawn,,,,,,,,,XL,,,,,DR-5004A-XL,1000,,100,deny,manual,349,1299,TRUE,TRUE,,https://cdn.shopify.com/s/files/1/0678/8415/5132/products/3-4_1.jpg?v=1705822804,5,,,,,,,,,,,,,,,,,kg,,,,,,,,,
asuka-color-blocked-dress-dawn-dr-5004a-dawn,,,,,,,,,XXL,,,,,DR-5004A-XXL,1000,,100,deny,manual,349,1299,TRUE,TRUE,,https://cdn.shopify.com/s/files/1/0678/8415/5132/products/asuka-2.jpg?v=1705822804,6,,,,,,,,,,,,,,,,,kg,,,,,,,,,
asuka-color-blocked-dress-dawn-dr-5004a-dawn,,,,,,,,,,,,,,,,,,,,,,,,,https://cdn.shopify.com/s/files/1/0678/8415/5132/products/asuka-3.jpg?v=1705822804,7,,,,,,,,,,,,,,,,,,,,,,,,,,
kira-flowing-dress-sun-dr-8806c,Kira Flowing Dress - Sun,"<p>A color-blocked ankle-length wear-it-everywhere dress with a V-back, folded sleeves and pockets designed in our handwoven two toned soft modal cotton. The Kira dress has delicate hand-beaded details at the neckline and sleeves.</p>",SALE IS LIVE ,,Dresses,Copy AI,TRUE,Size,S/M,Add Slip,Without,,,DR-8806C-S/M-Without,1000,,100,deny,manual,349,1299,TRUE,TRUE,,https://cdn.shopify.com/s/files/1/0678/8415/5132/products/16_77a242e5-bbb3-46b9-8e15-e15177732ebb.jpg?v=1705822793,1,,FALSE,,,,,,,,,,,,,,,kg,,,TRUE,,,TRUE,,,active
kira-flowing-dress-sun-dr-8806c,,,,,,,,,S/M,,With + INR 2400,,,DR-8806C-S/M-With + INR 2400,1000,,100,deny,manual,349,1299,TRUE,TRUE,,https://cdn.shopify.com/s/files/1/0678/8415/5132/products/11_11fc7d2d-0ea8-4161-a5be-ceb3015c5225.jpg?v=1705822793,2,,,,,,,,,,,,,,,,,kg,,,,,,,,,
kira-flowing-dress-sun-dr-8806c,,,,,,,,,L/XL,,Without,,,DR-8806C-L/XL-Without,1000,,100,deny,manual,349,1299,TRUE,TRUE,,https://cdn.shopify.com/s/files/1/0678/8415/5132/products/12_4ec28e85-0361-44c1-a1c1-57c761b99f3f.jpg?v=1705822793,3,,,,,,,,,,,,,,,,,kg,,,,,,,,,
kira-flowing-dress-sun-dr-8806c,,,,,,,,,L/XL,,With + INR 2400,,,DR-8806C-L/XL-With + INR 2400,1000,,100,deny,manual,349,1299,TRUE,TRUE,,https://cdn.shopify.com/s/files/1/0678/8415/5132/products/14_eb32aca6-badb-47bf-91e9-68b39635b15a.jpg?v=1705822793,4,,,,,,,,,,,,,,,,,kg,,,,,,,,,
kira-flowing-dress-sun-dr-8806c,,,,,,,,,,,,,,,,,,,,,,,,,https://cdn.shopify.com/s/files/1/0678/8415/5132/products/17_06b6bfb8-5de9-427b-9279-00ac359f899b.jpg?v=1705822793,5,,,,,,,,,,,,,,,,,,,,,,,,,,
kira-flowing-dress-sun-dr-8806c,,,,,,,,,,,,,,,,,,,,,,,,,https://cdn.shopify.com/s/files/1/0678/8415/5132/products/13_03003794-8935-406e-912d-2311ac4a7cdc.jpg?v=1705822793,6,,,,,,,,,,,,,,,,,,,,,,,,,,
kanami-botanical-dress-with-overlay-fern,Kanami Botanical Dress with Overlay - Fern,Dress - An A-line botanical printed linen dress with pockets handcrafted in our handwoven linen with a self-woven pop-coloured selvedge. The botanical print is a hand-illustrated design printed as a bouquet of multi-coloured flowers and the dress has a cut-out detail at the back with pintucks running down the centre of the back.<br>Jacket - A soft flowing hand-dyed ombre pure sheer linen princess cut overlay with a shawl collar. Note - The overlay is hand-dyed by expert artisans and minor variations can occur from one piece to another.,SALE IS LIVE ,,Dresses,Copy AI,TRUE,Top Size,XS,Jacket Size,Free Size,,,CS-8615B-XS-Free Size,1000,,100,deny,manual,349,1299,TRUE,TRUE,,https://cdn.shopify.com/s/files/1/0678/8415/5132/products/2_5096edeb-fac7-476b-a1a8-56d6176187e4.jpg?v=1705822778,1,,FALSE,,,,,,,,,,,,,,,kg,,,TRUE,,,TRUE,,,active
kanami-botanical-dress-with-overlay-fern,,,,,,,,,S,,Free Size,,,CS-8615B-S-Free Size,1000,,100,deny,manual,349,1299,TRUE,TRUE,,https://cdn.shopify.com/s/files/1/0678/8415/5132/products/4_8a623076-907d-4124-b820-7e2d1ccb8ddd.jpg?v=1705822778,2,,,,,,,,,,,,,,,,,kg,,,,,,,,,
kanami-botanical-dress-with-overlay-fern,,,,,,,,,M,,Free Size,,,CS-8615B-M-Free Size,1000,,100,deny,manual,349,1299,TRUE,TRUE,,https://cdn.shopify.com/s/files/1/0678/8415/5132/products/3_6b2f9b5b-0653-4dad-a83f-bba403363d29.jpg?v=1705822778,3,,,,,,,,,,,,,,,,,kg,,,,,,,,,
kanami-botanical-dress-with-overlay-fern,,,,,,,,,L,,Free Size,,,CS-8615B-L-Free Size,1000,,100,deny,manual,349,1299,TRUE,TRUE,,https://cdn.shopify.com/s/files/1/0678/8415/5132/products/5_b1841afd-93cb-4d62-8305-8f1d5730a51d.jpg?v=1705822778,4,,,,,,,,,,,,,,,,,kg,,,,,,,,,
kanami-botanical-dress-with-overlay-fern,,,,,,,,,XL,,Free Size,,,CS-8615B-XL-Free Size,1000,,100,deny,manual,349,1299,TRUE,TRUE,,https://cdn.shopify.com/s/files/1/0678/8415/5132/products/Manan5893_b0f00e4c-62b6-4b26-9c08-875c0ac8e184.jpg?v=1705822778,5,,,,,,,,,,,,,,,,,kg,,,,,,,,,
kanami-botanical-dress-with-overlay-fern,,,,,,,,,XXL,,Free Size,,,CS-8615B-XXL-Free Size,1000,,100,deny,manual,349,1299,TRUE,TRUE,,https://cdn.shopify.com/s/files/1/0678/8415/5132/products/Manan5905_cf8bd9b0-48d8-4915-b882-c2f4a54cca37.jpg?v=1705822778,6,,,,,,,,,,,,,,,,,kg,,,,,,,,,
kanami-botanical-dress-with-overlay-ash-cs-8615c,Kanami Botanical Dress with Overlay - Ash,Dress - An A-line botanical printed linen dress with pockets handcrafted in our handwoven linen with a self-woven pop-coloured selvedge. The botanical print is a hand-illustrated design printed as a bouquet of multi-coloured flowers and the dress has a cut-out detail at the back with pintucks running down the centre of the back. <br>Jacket - A soft flowing hand-dyed ombre pure sheer linen princess cut overlay with a shawl collar. Note - The overlay is hand-dyed by expert artisans and minor variations can occur from one piece to another.,SALE IS LIVE ,,Dresses,Copy AI,TRUE,Top Size,XS,Jacket Size,Free Size,,,CS-8615A-XS-Free Size,1000,,100,deny,manual,349,1299,TRUE,TRUE,,https://cdn.shopify.com/s/files/1/0678/8415/5132/products/Manan5872_83cc1a18-ae79-4e9c-9a59-7f04bbde7ad3.jpg?v=1705822762,1,,FALSE,,,,,,,,,,,,,,,kg,,,TRUE,,,TRUE,,,active
kanami-botanical-dress-with-overlay-ash-cs-8615c,,,,,,,,,S,,Free Size,,,CS-8615A-S-Free Size,1000,,100,deny,manual,349,1299,TRUE,TRUE,,https://cdn.shopify.com/s/files/1/0678/8415/5132/products/Manan5866_bcb06b78-e574-4bc3-9b13-681fe8bcfead.jpg?v=1705822762,2,,,,,,,,,,,,,,,,,kg,,,,,,,,,
kanami-botanical-dress-with-overlay-ash-cs-8615c,,,,,,,,,M,,Free Size,,,CS-8615A-M-Free Size,1000,,100,deny,manual,349,1299,TRUE,TRUE,,https://cdn.shopify.com/s/files/1/0678/8415/5132/products/Manan5885_7df540e7-fea1-4d0d-9e51-3eba0a159a78.jpg?v=1705822762,3,,,,,,,,,,,,,,,,,kg,,,,,,,,,
kanami-botanical-dress-with-overlay-ash-cs-8615c,,,,,,,,,L,,Free Size,,,CS-8615A-L-Free Size,1000,,100,deny,manual,349,1299,TRUE,TRUE,,https://cdn.shopify.com/s/files/1/0678/8415/5132/products/Manan5827_c569da59-9567-4581-9e27-30e2ace47a0e.jpg?v=1705822762,4,,,,,,,,,,,,,,,,,kg,,,,,,,,,
kanami-botanical-dress-with-overlay-ash-cs-8615c,,,,,,,,,XL,,Free Size,,,CS-8615A-XL-Free Size,1000,,100,deny,manual,349,1299,TRUE,TRUE,,https://cdn.shopify.com/s/files/1/0678/8415/5132/products/Manan5838_f24a08d6-a95e-4cc3-8a36-3794aba5419d.jpg?v=1705822762,5,,,,,,,,,,,,,,,,,kg,,,,,,,,,
kanami-botanical-dress-with-overlay-ash-cs-8615c,,,,,,,,,XXL,,Free Size,,,CS-8615A-XXL-Free Size,1000,,100,deny,manual,349,1299,TRUE,TRUE,,https://cdn.shopify.com/s/files/1/0678/8415/5132/products/Manan5878.jpg?v=1705822762,6,,,,,,,,,,,,,,,,,kg,,,,,,,,,
kanami-botanical-dress-with-overlay-ash-cs-8615c,,,,,,,,,,,,,,,,,,,,,,,,,https://cdn.shopify.com/s/files/1/0678/8415/5132/products/Manan5881_e1b21d18-2bd1-443d-bdac-5e7765eb2a27.jpg?v=1705822762,7,,,,,,,,,,,,,,,,,,,,,,,,,,
kanami-botanical-dress-with-overlay-ash-cs-8615c,,,,,,,,,,,,,,,,,,,,,,,,,https://cdn.shopify.com/s/files/1/0678/8415/5132/products/Manan5865.jpg?v=1705822762,8,,,,,,,,,,,,,,,,,,,,,,,,,,
masa-timeless-linen-dress-charcoal,Masa Timeless Linen Dress - Charcoal,"<p>A color-blocked style, ankle-length A-Line dress with low V-back, folded sleeves and pockets in soft pure linen.</p>",SALE IS LIVE ,,Dresses,Copy AI,TRUE,Top Size,S/M,,,,,DR-8728A-S/M,1000,,100,deny,manual,349,1299,TRUE,TRUE,,https://cdn.shopify.com/s/files/1/0678/8415/5132/products/MasaDress_4.jpg?v=1705822742,1,,FALSE,,,,,,,,,,,,,,,kg,,,TRUE,,,TRUE,,,active
masa-timeless-linen-dress-charcoal,,,,,,,,,L/XL,,,,,DR-8728A-L/XL,1000,,100,deny,manual,349,1299,TRUE,TRUE,,https://cdn.shopify.com/s/files/1/0678/8415/5132/products/MasaDress_2.jpg?v=1705822742,2,,,,,,,,,,,,,,,,,kg,,,,,,,,,
masa-timeless-linen-dress-charcoal,,,,,,,,,,,,,,,,,,,,,,,,,https://cdn.shopify.com/s/files/1/0678/8415/5132/products/MasaDress_3.jpg?v=1705822742,3,,,,,,,,,,,,,,,,,,,,,,,,,,
masa-timeless-linen-dress-charcoal,,,,,,,,,,,,,,,,,,,,,,,,,https://cdn.shopify.com/s/files/1/0678/8415/5132/products/MasaDress_5.jpg?v=1705822742,4,,,,,,,,,,,,,,,,,,,,,,,,,,
masa-timeless-linen-dress-charcoal,,,,,,,,,,,,,,,,,,,,,,,,,https://cdn.shopify.com/s/files/1/0678/8415/5132/products/MasaDress_1.jpg?v=1705822742,5,,,,,,,,,,,,,,,,,,,,,,,,,,
masa-timeless-linen-dress-charcoal,,,,,,,,,,,,,,,,,,,,,,,,,https://cdn.shopify.com/s/files/1/0678/8415/5132/products/MasaDress_6.jpg?v=1705822742,6,,,,,,,,,,,,,,,,,,,,,,,,,,
aisha-silk-dress-sage-grey-dr-9107b,Aisha Silk Dress - Sage Grey,"<p>An eri silk patchwork ankle length dress with a boat neck, 3/4th sleeves and pockets detailed with fine hand pintucks in our bespoke handwoven eri silk with broad stripes in handwovne tonal chambrays and metallic yarn. The dress can be dressed up or down as needed for the occasion.</p>",SALE IS LIVE ,,Dresses,Copy AI,TRUE,Top Size,XS,,,,,DR-9107B-XS,1000,,100,deny,manual,349,1299,TRUE,TRUE,,https://cdn.shopify.com/s/files/1/0678/8415/5132/products/4522_5.jpg?v=1705822728,1,,FALSE,,,,,,,,,,,,,,,kg,,,TRUE,,,TRUE,,,active
aisha-silk-dress-sage-grey-dr-9107b,,,,,,,,,S,,,,,DR-9107B-S,1000,,100,deny,manual,349,1299,TRUE,TRUE,,https://cdn.shopify.com/s/files/1/0678/8415/5132/products/4509_2.jpg?v=1705822728,2,,,,,,,,,,,,,,,,,kg,,,,,,,,,
aisha-silk-dress-sage-grey-dr-9107b,,,,,,,,,M,,,,,DR-9107B-M,1000,,100,deny,manual,349,1299,TRUE,TRUE,,https://cdn.shopify.com/s/files/1/0678/8415/5132/products/4513_3.jpg?v=1705822728,3,,,,,,,,,,,,,,,,,kg,,,,,,,,,
aisha-silk-dress-sage-grey-dr-9107b,,,,,,,,,L,,,,,DR-9107B-L,1000,,100,deny,manual,349,1299,TRUE,TRUE,,https://cdn.shopify.com/s/files/1/0678/8415/5132/products/4528_11.jpg?v=1705822728,4,,,,,,,,,,,,,,,,,kg,,,,,,,,,
aisha-silk-dress-sage-grey-dr-9107b,,,,,,,,,XL,,,,,DR-9107B-XL,1000,,100,deny,manual,349,1299,TRUE,TRUE,,https://cdn.shopify.com/s/files/1/0678/8415/5132/products/4515_4.jpg?v=1705822728,5,,,,,,,,,,,,,,,,,kg,,,,,,,,,
aisha-silk-dress-sage-grey-dr-9107b,,,,,,,,,XXL,,,,,DR-9107B-XXL,1000,,100,deny,manual,349,1299,TRUE,TRUE,,https://cdn.shopify.com/s/files/1/0678/8415/5132/products/4498_6.jpg?v=1705822728,6,,,,,,,,,,,,,,,,,kg,,,,,,,,,
aisha-silk-dress-sage-grey-dr-9107b,,,,,,,,,,,,,,,,,,,,,,,,,https://cdn.shopify.com/s/files/1/0678/8415/5132/products/4501_1.jpg?v=1705822728,7,,,,,,,,,,,,,,,,,,,,,,,,,,
elle-stripe-dress-dr-3200a,Elle Stripe Dress,"<p>Metallic striped handloom linen dress with intricately hand-crocheted multi-coloured buttons on the front, 3/4th sleeves and silk cuffs.</p>",SALE IS LIVE ,,Dresses,Copy AI,TRUE,Top Size,XS,,,,,DR-3200A-XS,1000,,100,deny,manual,349,1299,TRUE,TRUE,,https://cdn.shopify.com/s/files/1/0678/8415/5132/products/2.2_3_1.jpg?v=1705822707,1,,FALSE,,,,,,,,,,,,,,,kg,,,TRUE,,,TRUE,,,active
elle-stripe-dress-dr-3200a,,,,,,,,,S,,,,,DR-3200A-S,1000,,100,deny,manual,349,1299,TRUE,TRUE,,https://cdn.shopify.com/s/files/1/0678/8415/5132/products/2.3_3.jpg?v=1705822707,2,,,,,,,,,,,,,,,,,kg,,,,,,,,,
elle-stripe-dress-dr-3200a,,,,,,,,,M,,,,,DR-3200A-M,1000,,100,deny,manual,349,1299,TRUE,TRUE,,https://cdn.shopify.com/s/files/1/0678/8415/5132/products/2.4_3.jpg?v=1705822707,3,,,,,,,,,,,,,,,,,kg,,,,,,,,,
elle-stripe-dress-dr-3200a,,,,,,,,,L,,,,,DR-3200A-L,1000,,100,deny,manual,349,1299,TRUE,TRUE,,https://cdn.shopify.com/s/files/1/0678/8415/5132/products/2.5_3.jpg?v=1705822707,4,,,,,,,,,,,,,,,,,kg,,,,,,,,,
elle-stripe-dress-dr-3200a,,,,,,,,,XL,,,,,DR-3200A-XL,1000,,100,deny,manual,349,1299,TRUE,TRUE,,https://cdn.shopify.com/s/files/1/0678/8415/5132/products/2.6_3.jpg?v=1705822707,5,,,,,,,,,,,,,,,,,kg,,,,,,,,,
elle-stripe-dress-dr-3200a,,,,,,,,,XXL,,,,,DR-3200A-XXL,1000,,100,deny,manual,349,1299,TRUE,TRUE,,https://cdn.shopify.com/s/files/1/0678/8415/5132/products/12-3.jpg?v=1705822707,6,,,,,,,,,,,,,,,,,kg,,,,,,,,,
elle-stripe-dress-dr-3200a,,,,,,,,,,,,,,,,,,,,,,,,,https://cdn.shopify.com/s/files/1/0678/8415/5132/products/12-1.jpg?v=1705822707,7,,,,,,,,,,,,,,,,,,,,,,,,,,
mayumi-dress-sun-dr-8804c,Mayumi Dress - Sun,"<p>A boat-neck dress with a front slit, multi-colored hand running stitch and 3/4th sleeves handcrafted in our soft handwoven modal cotton and embroidered with our signature hand-embroidered beadwork detailing.</p>",SALE IS LIVE ,,Dresses,Copy AI,TRUE,Size,XS,Add Slip,Without,,,DR-8804C-XS-Without,1000,,100,deny,manual,349,1299,TRUE,TRUE,,https://cdn.shopify.com/s/files/1/0678/8415/5132/products/133.jpg?v=1705822694,1,,FALSE,,,,,,,,,,,,,,,kg,,,TRUE,,,TRUE,,,active
mayumi-dress-sun-dr-8804c,,,,,,,,,XS,,With + INR 1800,,,DR-8804C-XS-With + INR 1800,1000,,100,deny,manual,349,1299,TRUE,TRUE,,https://cdn.shopify.com/s/files/1/0678/8415/5132/products/131.jpg?v=1705822694,2,,,,,,,,,,,,,,,,,kg,,,,,,,,,
mayumi-dress-sun-dr-8804c,,,,,,,,,S,,Without,,,DR-8804C-S-Without,1000,,100,deny,manual,349,1299,TRUE,TRUE,,https://cdn.shopify.com/s/files/1/0678/8415/5132/products/129_e4376a01-39a3-464e-bc7b-8da3edd2eb9e.jpg?v=1705822694,3,,,,,,,,,,,,,,,,,kg,,,,,,,,,
mayumi-dress-sun-dr-8804c,,,,,,,,,S,,With + INR 1800,,,DR-8804C-S-With + INR 1800,1000,,100,deny,manual,349,1299,TRUE,TRUE,,https://cdn.shopify.com/s/files/1/0678/8415/5132/products/134.jpg?v=1705822694,4,,,,,,,,,,,,,,,,,kg,,,,,,,,,
mayumi-dress-sun-dr-8804c,,,,,,,,,M,,Without,,,DR-8804C-M-Without,1000,,100,deny,manual,349,1299,TRUE,TRUE,,https://cdn.shopify.com/s/files/1/0678/8415/5132/products/135.jpg?v=1705822694,5,,,,,,,,,,,,,,,,,kg,,,,,,,,,
mayumi-dress-sun-dr-8804c,,,,,,,,,M,,With + INR 1800,,,DR-8804C-M-With + INR 1800,1000,,100,deny,manual,349,1299,TRUE,TRUE,,https://cdn.shopify.com/s/files/1/0678/8415/5132/products/132.jpg?v=1705822694,6,,,,,,,,,,,,,,,,,kg,,,,,,,,,
mayumi-dress-sun-dr-8804c,,,,,,,,,L,,Without,,,DR-8804C-L-Without,1000,,100,deny,manual,349,1299,TRUE,TRUE,,https://cdn.shopify.com/s/files/1/0678/8415/5132/products/128_e1243f03-e094-4390-861a-b4449c78880e.jpg?v=1705822694,7,,,,,,,,,,,,,,,,,kg,,,,,,,,,
mayumi-dress-sun-dr-8804c,,,,,,,,,L,,With + INR 1800,,,DR-8804C-L-With + INR 1800,1000,,100,deny,manual,349,1299,TRUE,TRUE,,,,,,,,,,,,,,,,,,,,kg,,,,,,,,,
mayumi-dress-sun-dr-8804c,,,,,,,,,XL,,Without,,,DR-8804C-XL-Without,1000,,100,deny,manual,349,1299,TRUE,TRUE,,,,,,,,,,,,,,,,,,,,kg,,,,,,,,,
mayumi-dress-sun-dr-8804c,,,,,,,,,XL,,With + INR 1800,,,DR-8804C-XL-With + INR 1800,1000,,100,deny,manual,349,1299,TRUE,TRUE,,,,,,,,,,,,,,,,,,,,kg,,,,,,,,,
mayumi-dress-sun-dr-8804c,,,,,,,,,XXL,,Without,,,DR-8804C-XXL-Without,1000,,100,deny,manual,349,1299,TRUE,TRUE,,,,,,,,,,,,,,,,,,,,kg,,,,,,,,,
mayumi-dress-sun-dr-8804c,,,,,,,,,XXL,,With + INR 1800,,,DR-8804C-XXL-With + INR 1800,1000,,100,deny,manual,349,1299,TRUE,TRUE,,,,,,,,,,,,,,,,,,,,kg,,,,,,,,,
misaki-sleeveless-dress-sun-dr-8808c,Saki Sleeveless Dress - Sun,"<p>A classic comfortable sleeveless dress in our handwoven two toned soft modal cotton with V-neck, halter back and contrasting woven hemline.</p>",SALE IS LIVE ,,Dresses,Copy AI,TRUE,Size,XS,Add Slip,Without,,,DR-8808C-XS-Without,1000,,100,deny,manual,349,1299,TRUE,TRUE,,https://cdn.shopify.com/s/files/1/0678/8415/5132/products/33_d284e42b-8b01-450c-b8fd-7ff9cd3850da.jpg?v=1705822676,1,,FALSE,,,,,,,,,,,,,,,kg,,,TRUE,,,TRUE,,,active
misaki-sleeveless-dress-sun-dr-8808c,,,,,,,,,XS,,With + INR 2400,,,DR-8808C-XS-With + INR 2400,1000,,100,deny,manual,349,1299,TRUE,TRUE,,https://cdn.shopify.com/s/files/1/0678/8415/5132/products/36_2a978686-ca93-468f-8bac-63a04d2d9ff5.jpg?v=1705822676,2,,,,,,,,,,,,,,,,,kg,,,,,,,,,
misaki-sleeveless-dress-sun-dr-8808c,,,,,,,,,S,,Without,,,DR-8808C-S-Without,1000,,100,deny,manual,349,1299,TRUE,TRUE,,https://cdn.shopify.com/s/files/1/0678/8415/5132/products/35_574254f4-0400-433e-a06b-91911a85b61b.jpg?v=1705822676,3,,,,,,,,,,,,,,,,,kg,,,,,,,,,
misaki-sleeveless-dress-sun-dr-8808c,,,,,,,,,S,,With + INR 2400,,,DR-8808C-S-With + INR 2400,1000,,100,deny,manual,349,1299,TRUE,TRUE,,https://cdn.shopify.com/s/files/1/0678/8415/5132/products/37_75cf47cb-ca2a-4eb0-862d-fbce9b3ee09a.jpg?v=1705822676,4,,,,,,,,,,,,,,,,,kg,,,,,,,,,
misaki-sleeveless-dress-sun-dr-8808c,,,,,,,,,M,,Without,,,DR-8808C-M-Without,1000,,100,deny,manual,349,1299,TRUE,TRUE,,https://cdn.shopify.com/s/files/1/0678/8415/5132/products/34_6b827f68-1af3-453b-83d0-5dbf7422ad00.jpg?v=1705822676,5,,,,,,,,,,,,,,,,,kg,,,,,,,,,
misaki-sleeveless-dress-sun-dr-8808c,,,,,,,,,M,,With + INR 2400,,,DR-8808C-M-With + INR 2400,1000,,100,deny,manual,349,1299,TRUE,TRUE,,,,,,,,,,,,,,,,,,,,kg,,,,,,,,,
misaki-sleeveless-dress-sun-dr-8808c,,,,,,,,,L,,Without,,,DR-8808C-L-Without,1000,,100,deny,manual,349,1299,TRUE,TRUE,,,,,,,,,,,,,,,,,,,,kg,,,,,,,,,
misaki-sleeveless-dress-sun-dr-8808c,,,,,,,,,L,,With + INR 2400,,,DR-8808C-L-With + INR 2400,1000,,100,deny,manual,349,1299,TRUE,TRUE,,,,,,,,,,,,,,,,,,,,kg,,,,,,,,,
misaki-sleeveless-dress-sun-dr-8808c,,,,,,,,,XL,,Without,,,DR-8808C-XL-Without,1000,,100,deny,manual,349,1299,TRUE,TRUE,,,,,,,,,,,,,,,,,,,,kg,,,,,,,,,
misaki-sleeveless-dress-sun-dr-8808c,,,,,,,,,XL,,With + INR 2400,,,DR-8808C-XL-With + INR 2400,1000,,100,deny,manual,349,1299,TRUE,TRUE,,,,,,,,,,,,,,,,,,,,kg,,,,,,,,,
misaki-sleeveless-dress-sun-dr-8808c,,,,,,,,,XXL,,Without,,,DR-8808C-XXL-Without,1000,,100,deny,manual,349,1299,TRUE,TRUE,,,,,,,,,,,,,,,,,,,,kg,,,,,,,,,
misaki-sleeveless-dress-sun-dr-8808c,,,,,,,,,XXL,,With + INR 2400,,,DR-8808C-XXL-With + INR 2400,1000,,100,deny,manual,349,1299,TRUE,TRUE,,,,,,,,,,,,,,,,,,,,kg,,,,,,,,,
runa-linen-shift-dress-off-white-dr-8711c,Runa Linen Shift Dress - Off White,"<p>A classic linen shift dress with a shirt collar, short sleeves and a zipper.</p>",SALE IS LIVE ,,Dresses,Copy AI,TRUE,Size,XS,,,,,DR-8711C-XS,1000,,100,deny,manual,349,1299,TRUE,TRUE,,https://cdn.shopify.com/s/files/1/0678/8415/5132/products/61.jpg?v=1705822663,1,,FALSE,,,,,,,,,,,,,,,kg,,,TRUE,,,TRUE,,,active
runa-linen-shift-dress-off-white-dr-8711c,,,,,,,,,S,,,,,DR-8711C-S,1000,,100,deny,manual,349,1299,TRUE,TRUE,,https://cdn.shopify.com/s/files/1/0678/8415/5132/products/63.jpg?v=1705822663,2,,,,,,,,,,,,,,,,,kg,,,,,,,,,
runa-linen-shift-dress-off-white-dr-8711c,,,,,,,,,M,,,,,DR-8711C-M,1000,,100,deny,manual,349,1299,TRUE,TRUE,,https://cdn.shopify.com/s/files/1/0678/8415/5132/products/62.jpg?v=1705822663,3,,,,,,,,,,,,,,,,,kg,,,,,,,,,
runa-linen-shift-dress-off-white-dr-8711c,,,,,,,,,L,,,,,DR-8711C-L,1000,,100,deny,manual,349,1299,TRUE,TRUE,,https://cdn.shopify.com/s/files/1/0678/8415/5132/products/65.jpg?v=1705822663,4,,,,,,,,,,,,,,,,,kg,,,,,,,,,
runa-linen-shift-dress-off-white-dr-8711c,,,,,,,,,XL,,,,,DR-8711C-XL,1000,,100,deny,manual,349,1299,TRUE,TRUE,,https://cdn.shopify.com/s/files/1/0678/8415/5132/products/64.jpg?v=1705822663,5,,,,,,,,,,,,,,,,,kg,,,,,,,,,
runa-linen-shift-dress-off-white-dr-8711c,,,,,,,,,XXL,,,,,DR-8711C-XXL,1000,,100,deny,manual,349,1299,TRUE,TRUE,,,,,,,,,,,,,,,,,,,,kg,,,,,,,,,
ena-linen-dress-dusk-dr-5003a-dusk,Ena Linen Dress - Dusk,"<p>Classic easy-to-wear dress with 3/4th sleeves and pockets - handcrafted by piecing together soft linen in shades of navy, mulberry and ash grey.</p>",SALE IS LIVE ,,Dresses,Copy AI,TRUE,Top Size,XS,,,,,DR-5003A-Dusk-XS,1000,,100,deny,manual,349,1299,TRUE,TRUE,,https://cdn.shopify.com/s/files/1/0678/8415/5132/products/editing-finalartboard_7.jpg?v=1705822649,1,,FALSE,,,,,,,,,,,,,,,kg,,,TRUE,,,TRUE,,,active
ena-linen-dress-dusk-dr-5003a-dusk,,,,,,,,,S,,,,,DR-5003A-Dusk-S,1000,,100,deny,manual,349,1299,TRUE,TRUE,,https://cdn.shopify.com/s/files/1/0678/8415/5132/products/editing-finalartboard_6.jpg?v=1705822649,2,,,,,,,,,,,,,,,,,kg,,,,,,,,,
ena-linen-dress-dusk-dr-5003a-dusk,,,,,,,,,M,,,,,DR-5003A-Dusk-M,1000,,100,deny,manual,349,1299,TRUE,TRUE,,https://cdn.shopify.com/s/files/1/0678/8415/5132/products/editing-finalartboard_8.jpg?v=1705822649,3,,,,,,,,,,,,,,,,,kg,,,,,,,,,
ena-linen-dress-dusk-dr-5003a-dusk,,,,,,,,,L,,,,,DR-5003A-Dusk-L,1000,,100,deny,manual,349,1299,TRUE,TRUE,,https://cdn.shopify.com/s/files/1/0678/8415/5132/products/editing-finalartboard_9.jpg?v=1705822649,4,,,,,,,,,,,,,,,,,kg,,,,,,,,,
ena-linen-dress-dusk-dr-5003a-dusk,,,,,,,,,XL,,,,,DR-5003A-Dusk-XL,1000,,100,deny,manual,349,1299,TRUE,TRUE,,https://cdn.shopify.com/s/files/1/0678/8415/5132/products/editing-finalartboard_10.jpg?v=1705822649,5,,,,,,,,,,,,,,,,,kg,,,,,,,,,
ena-linen-dress-dusk-dr-5003a-dusk,,,,,,,,,XXL,,,,,DR-5003A-Dusk-XXL,1000,,100,deny,manual,349,1299,TRUE,TRUE,,,,,,,,,,,,,,,,,,,,kg,,,,,,,,,
kumi-tiered-jamdani-dress-dr-8114a,Kumi Tiered Jamdani Dress,<p>A summer sleeveless tiered linen dress designed in our soft handloom jamdani linen fabric with natural and blush woven borders and handwoven metallic yarn jamdani motifs. The straps are made in a multicoloured woven linen stripe.</p>,SALE IS LIVE ,,Dresses,Copy AI,TRUE,Size,XS,Add Slip,No Slip,,,DR-8114A-XS,1000,,100,deny,manual,349,1299,TRUE,TRUE,,https://cdn.shopify.com/s/files/1/0678/8415/5132/products/untitled-2artboard_8.jpg?v=1705822640,1,,FALSE,,,,,,,,,,,,,,,kg,,,TRUE,,,TRUE,,,active
kumi-tiered-jamdani-dress-dr-8114a,,,,,,,,,XS,,Add Slip + INR 1600,,,,1000,,100,deny,manual,349,1299,TRUE,TRUE,,https://cdn.shopify.com/s/files/1/0678/8415/5132/products/mahima7105.jpg?v=1705822640,2,,,,,,,,,,,,,,,,,kg,,,,,,,,,
kumi-tiered-jamdani-dress-dr-8114a,,,,,,,,,S,,No Slip,,,DR-8114A-S,1000,,100,deny,manual,349,1299,TRUE,TRUE,,https://cdn.shopify.com/s/files/1/0678/8415/5132/products/mahima7087.jpg?v=1705822640,3,,,,,,,,,,,,,,,,,kg,,,,,,,,,
kumi-tiered-jamdani-dress-dr-8114a,,,,,,,,,S,,Add Slip + INR 1600,,,,1000,,100,deny,manual,349,1299,TRUE,TRUE,,https://cdn.shopify.com/s/files/1/0678/8415/5132/products/mahima7090.jpg?v=1705822640,4,,,,,,,,,,,,,,,,,kg,,,,,,,,,
kumi-tiered-jamdani-dress-dr-8114a,,,,,,,,,M,,No Slip,,,DR-8114A-M,1000,,100,deny,manual,349,1299,TRUE,TRUE,,https://cdn.shopify.com/s/files/1/0678/8415/5132/products/mahima7092.jpg?v=1705822640,5,,,,,,,,,,,,,,,,,kg,,,,,,,,,
kumi-tiered-jamdani-dress-dr-8114a,,,,,,,,,M,,Add Slip + INR 1600,,,,1000,,100,deny,manual,349,1299,TRUE,TRUE,,https://cdn.shopify.com/s/files/1/0678/8415/5132/products/close-upsartboard_3.jpg?v=1705822640,6,,,,,,,,,,,,,,,,,kg,,,,,,,,,
kumi-tiered-jamdani-dress-dr-8114a,,,,,,,,,L,,No Slip,,,DR-8114A-L,1000,,100,deny,manual,349,1299,TRUE,TRUE,,https://cdn.shopify.com/s/files/1/0678/8415/5132/products/mahima7106.jpg?v=1705822640,7,,,,,,,,,,,,,,,,,kg,,,,,,,,,
kumi-tiered-jamdani-dress-dr-8114a,,,,,,,,,L,,Add Slip + INR 1600,,,,1000,,100,deny,manual,349,1299,TRUE,TRUE,,,,,,,,,,,,,,,,,,,,kg,,,,,,,,,
kumi-tiered-jamdani-dress-dr-8114a,,,,,,,,,XL,,No Slip,,,DR-8114A-XL,1000,,100,deny,manual,349,1299,TRUE,TRUE,,,,,,,,,,,,,,,,,,,,kg,,,,,,,,,
kumi-tiered-jamdani-dress-dr-8114a,,,,,,,,,XL,,Add Slip + INR 1600,,,,1000,,100,deny,manual,349,1299,TRUE,TRUE,,,,,,,,,,,,,,,,,,,,kg,,,,,,,,,
kumi-tiered-jamdani-dress-dr-8114a,,,,,,,,,XXL,,No Slip,,,DR-8114A-XXL,1000,,100,deny,manual,349,1299,TRUE,TRUE,,,,,,,,,,,,,,,,,,,,kg,,,,,,,,,
kumi-tiered-jamdani-dress-dr-8114a,,,,,,,,,XXL,,Add Slip + INR 1600,,,,1000,,100,deny,manual,349,1299,TRUE,TRUE,,,,,,,,,,,,,,,,,,,,kg,,,,,,,,,
adelina-color-blocked-linen-dress-charcoal-dr-8702a,Adelina Color-Blocked Linen Dress - Charcoal,"<p>Timeless dress with pockets, short bell sleeves handcrafted by color-blocking soft linens in three colours.</p>",SALE IS LIVE ,,Dresses,Copy AI,TRUE,Size,XS,,,,,DR-8702A-XS,1000,,100,deny,manual,349,1299,TRUE,TRUE,,https://cdn.shopify.com/s/files/1/0678/8415/5132/products/50.jpg?v=1705822628,1,,FALSE,,,,,,,,,,,,,,,kg,,,TRUE,,,TRUE,,,active
adelina-color-blocked-linen-dress-charcoal-dr-8702a,,,,,,,,,S,,,,,DR-8702A-S,1000,,100,deny,manual,349,1299,TRUE,TRUE,,https://cdn.shopify.com/s/files/1/0678/8415/5132/products/47.jpg?v=1705822628,2,,,,,,,,,,,,,,,,,kg,,,,,,,,,
adelina-color-blocked-linen-dress-charcoal-dr-8702a,,,,,,,,,M,,,,,DR-8702A-M,1000,,100,deny,manual,349,1299,TRUE,TRUE,,https://cdn.shopify.com/s/files/1/0678/8415/5132/products/46_396eb9b9-0b6c-4e28-b0a6-f9c4b90b2a9c.jpg?v=1705822628,3,,,,,,,,,,,,,,,,,kg,,,,,,,,,
adelina-color-blocked-linen-dress-charcoal-dr-8702a,,,,,,,,,L,,,,,DR-8702A-L,1000,,100,deny,manual,349,1299,TRUE,TRUE,,https://cdn.shopify.com/s/files/1/0678/8415/5132/products/48.jpg?v=1705822628,4,,,,,,,,,,,,,,,,,kg,,,,,,,,,
adelina-color-blocked-linen-dress-charcoal-dr-8702a,,,,,,,,,XL,,,,,DR-8702A-XL,1000,,100,deny,manual,349,1299,TRUE,TRUE,,https://cdn.shopify.com/s/files/1/0678/8415/5132/products/49.jpg?v=1705822628,5,,,,,,,,,,,,,,,,,kg,,,,,,,,,
adelina-color-blocked-linen-dress-charcoal-dr-8702a,,,,,,,,,XXL,,,,,DR-8702A-XXL,1000,,100,deny,manual,349,1299,TRUE,TRUE,,,,,,,,,,,,,,,,,,,,kg,,,,,,,,,
eza-pintucked-linen-dress-fern-dr-8603b,Eza Pintucked Linen Dress - Fern,"<p>A statement, yet comfortable boat-neck A-line dress with fine pintucks stitched down from the neckline. The Eza Dress has been designed with 3/4th sleeves and comfortable pockets in our yarn-dyed handwoven linen with multi-coloured and metallic zari stripes woven along the hemline.</p>",SALE IS LIVE ,,Dresses,Copy AI,TRUE,Size,S/M,,,,,DR-8603B-S/M,1000,,100,deny,manual,349,1299,TRUE,TRUE,,https://cdn.shopify.com/s/files/1/0678/8415/5132/products/Manan6016.jpg?v=1705822614,1,,FALSE,,,,,,,,,,,,,,,kg,,,TRUE,,,TRUE,,,active
eza-pintucked-linen-dress-fern-dr-8603b,,,,,,,,,L/XL,,,,,DR-8603B-L/XL,1000,,100,deny,manual,349,1299,TRUE,TRUE,,https://cdn.shopify.com/s/files/1/0678/8415/5132/products/Manan6044.jpg?v=1705822614,2,,,,,,,,,,,,,,,,,kg,,,,,,,,,
eza-pintucked-linen-dress-fern-dr-8603b,,,,,,,,,XXL/3XL,,,,,DR-8603B-XXL/3XL,1000,,100,deny,manual,349,1299,TRUE,TRUE,,https://cdn.shopify.com/s/files/1/0678/8415/5132/products/Manan6031_f8ba9eba-c55a-472c-bd8b-8af0f93cfeec.jpg?v=1705822614,3,,,,,,,,,,,,,,,,,kg,,,,,,,,,
eza-pintucked-linen-dress-fern-dr-8603b,,,,,,,,,,,,,,,,,,,,,,,,,https://cdn.shopify.com/s/files/1/0678/8415/5132/products/Manan6035.jpg?v=1705822614,4,,,,,,,,,,,,,,,,,,,,,,,,,,
eza-pintucked-linen-dress-fern-dr-8603b,,,,,,,,,,,,,,,,,,,,,,,,,https://cdn.shopify.com/s/files/1/0678/8415/5132/products/Manan6022.jpg?v=1705822614,5,,,,,,,,,,,,,,,,,,,,,,,,,,
eza-pintucked-linen-dress-fern-dr-8603b,,,,,,,,,,,,,,,,,,,,,,,,,https://cdn.shopify.com/s/files/1/0678/8415/5132/products/Manan6038.jpg?v=1705822614,6,,,,,,,,,,,,,,,,,,,,,,,,,,
eza-pintucked-linen-dress-fern-dr-8603b,,,,,,,,,,,,,,,,,,,,,,,,,https://cdn.shopify.com/s/files/1/0678/8415/5132/products/Manan6043.jpg?v=1705822614,7,,,,,,,,,,,,,,,,,,,,,,,,,,
anahi-color-blocked-linen-jumpsuit-rose-kt-8700b,Anahi Color-Blocked Linen Jumpsuit - Rose,"<p>A color-block jumpsuit in the softest pure linen in 3 colours with elbow length sleeves, pockets, a slit neck opening with a zipper at the back</p>",SALE IS LIVE ,,Dresses,Copy AI,TRUE,Size,XS,,,,,KT-8700B-XS,1000,,100,deny,manual,349,1299,TRUE,TRUE,,https://cdn.shopify.com/s/files/1/0678/8415/5132/products/51.jpg?v=1705822598,1,,FALSE,,,,,,,,,,,,,,,kg,,,TRUE,,,TRUE,,,active
anahi-color-blocked-linen-jumpsuit-rose-kt-8700b,,,,,,,,,S,,,,,KT-8700B-S,1000,,100,deny,manual,349,1299,TRUE,TRUE,,https://cdn.shopify.com/s/files/1/0678/8415/5132/products/54.jpg?v=1705822598,2,,,,,,,,,,,,,,,,,kg,,,,,,,,,
anahi-color-blocked-linen-jumpsuit-rose-kt-8700b,,,,,,,,,M,,,,,KT-8700B-M,1000,,100,deny,manual,349,1299,TRUE,TRUE,,https://cdn.shopify.com/s/files/1/0678/8415/5132/products/52.jpg?v=1705822598,3,,,,,,,,,,,,,,,,,kg,,,,,,,,,
anahi-color-blocked-linen-jumpsuit-rose-kt-8700b,,,,,,,,,L,,,,,KT-8700B-L,1000,,100,deny,manual,349,1299,TRUE,TRUE,,https://cdn.shopify.com/s/files/1/0678/8415/5132/products/55.jpg?v=1705822598,4,,,,,,,,,,,,,,,,,kg,,,,,,,,,
anahi-color-blocked-linen-jumpsuit-rose-kt-8700b,,,,,,,,,XL,,,,,KT-8700B-XL,1000,,100,deny,manual,349,1299,TRUE,TRUE,,https://cdn.shopify.com/s/files/1/0678/8415/5132/products/53.jpg?v=1705822598,5,,,,,,,,,,,,,,,,,kg,,,,,,,,,
anahi-color-blocked-linen-jumpsuit-rose-kt-8700b,,,,,,,,,XXL,,,,,KT-8700B-XXL,1000,,100,deny,manual,349,1299,TRUE,TRUE,,,,,,,,,,,,,,,,,,,,kg,,,,,,,,,
samar-floral-peasant-dress-lilac-dr-2905d,Samar Floral Peasant Dress - Lilac,"<p>Soft floral printed handloom metallic linen dress with pockets, subtle gathers at the waist, metallic zari border asymmetrically placed at the hem and on one sleeve. The dress has a boatneck with 3/4th sleeves with delicately hand-embroidered beaded edges on neckline, pockets and sleeves.</p>",SALE IS LIVE ,,Dresses,Copy AI,TRUE,Size,XS,,,,,DR-2905D-XS,1000,,100,deny,manual,349,1299,TRUE,TRUE,,https://cdn.shopify.com/s/files/1/0678/8415/5132/products/lilacartboard_21.jpg?v=1705822584,1,,FALSE,,,,,,,,,,,,,,,kg,,,TRUE,,,TRUE,,,active
samar-floral-peasant-dress-lilac-dr-2905d,,,,,,,,,S,,,,,DR-2905D-S,1000,,100,deny,manual,349,1299,TRUE,TRUE,,https://cdn.shopify.com/s/files/1/0678/8415/5132/products/lilacartboard_22.jpg?v=1705822584,2,,,,,,,,,,,,,,,,,kg,,,,,,,,,
samar-floral-peasant-dress-lilac-dr-2905d,,,,,,,,,M,,,,,DR-2905D-M,1000,,100,deny,manual,349,1299,TRUE,TRUE,,https://cdn.shopify.com/s/files/1/0678/8415/5132/products/lilacartboard_23.jpg?v=1705822584,3,,,,,,,,,,,,,,,,,kg,,,,,,,,,
samar-floral-peasant-dress-lilac-dr-2905d,,,,,,,,,L,,,,,DR-2905D-L,1000,,100,deny,manual,349,1299,TRUE,TRUE,,https://cdn.shopify.com/s/files/1/0678/8415/5132/products/lilacartboard_24.jpg?v=1705822584,4,,,,,,,,,,,,,,,,,kg,,,,,,,,,
samar-floral-peasant-dress-lilac-dr-2905d,,,,,,,,,XL,,,,,DR-2905D-XL,1000,,100,deny,manual,349,1299,TRUE,TRUE,,https://cdn.shopify.com/s/files/1/0678/8415/5132/products/lilacartboard_25.jpg?v=1705822584,5,,,,,,,,,,,,,,,,,kg,,,,,,,,,
samar-floral-peasant-dress-lilac-dr-2905d,,,,,,,,,XXL,,,,,DR-2905D-XXL,1000,,100,deny,manual,349,1299,TRUE,TRUE,,https://cdn.shopify.com/s/files/1/0678/8415/5132/products/lilacartboard_30.jpg?v=1705822584,6,,,,,,,,,,,,,,,,,kg,,,,,,,,,
lana-printed-silk-dress-fuchsia-rose-dr-9110a,Lana Printed Silk Dress - Fuchsia Rose,<p>A soft tonal printed silk wrap dress with puff full sleeves in with a handwoven zari border at the hemline.</p>,SALE IS LIVE ,,Dresses,Copy AI,TRUE,Top Size,XS,,,,,DR-9110A-XS,1000,,100,deny,manual,349,1299,TRUE,TRUE,,https://cdn.shopify.com/s/files/1/0678/8415/5132/products/3711_162.jpg?v=1705822574,1,,FALSE,,,,,,,,,,,,,,,kg,,,TRUE,,,TRUE,,,active
lana-printed-silk-dress-fuchsia-rose-dr-9110a,,,,,,,,,S,,,,,DR-9110A-S,1000,,100,deny,manual,349,1299,TRUE,TRUE,,https://cdn.shopify.com/s/files/1/0678/8415/5132/products/3703_160.jpg?v=1705822574,2,,,,,,,,,,,,,,,,,kg,,,,,,,,,
lana-printed-silk-dress-fuchsia-rose-dr-9110a,,,,,,,,,M,,,,,DR-9110A-M,1000,,100,deny,manual,349,1299,TRUE,TRUE,,https://cdn.shopify.com/s/files/1/0678/8415/5132/products/3669_155.jpg?v=1705822574,3,,,,,,,,,,,,,,,,,kg,,,,,,,,,
lana-printed-silk-dress-fuchsia-rose-dr-9110a,,,,,,,,,L,,,,,DR-9110A-L,1000,,100,deny,manual,349,1299,TRUE,TRUE,,https://cdn.shopify.com/s/files/1/0678/8415/5132/products/3683_156.jpg?v=1705822574,4,,,,,,,,,,,,,,,,,kg,,,,,,,,,
lana-printed-silk-dress-fuchsia-rose-dr-9110a,,,,,,,,,XL,,,,,DR-9110A-XL,1000,,100,deny,manual,349,1299,TRUE,TRUE,,https://cdn.shopify.com/s/files/1/0678/8415/5132/products/3709_161.jpg?v=1705822574,5,,,,,,,,,,,,,,,,,kg,,,,,,,,,
lana-printed-silk-dress-fuchsia-rose-dr-9110a,,,,,,,,,XXL,,,,,DR-9110A-XXL,1000,,100,deny,manual,349,1299,TRUE,TRUE,,https://cdn.shopify.com/s/files/1/0678/8415/5132/products/3690_158.jpg?v=1705822574,6,,,,,,,,,,,,,,,,,kg,,,,,,,,,
lana-printed-silk-dress-fuchsia-rose-dr-9110a,,,,,,,,,,,,,,,,,,,,,,,,,https://cdn.shopify.com/s/files/1/0678/8415/5132/products/3702_159.jpg?v=1705822574,7,,,,,,,,,,,,,,,,,,,,,,,,,,
maya-linen-wrap-dress-off-white-dr-8710c,Maya Linen Wrap Dress - Off White,"<p>Our favourite, most versatile sleeveless wrap dress in soft pure linen - layer it with a jacket or wear it with our statement earrings for the perfect look.</p>",SALE IS LIVE ,,Dresses,Copy AI,TRUE,Size,XS,,,,,DR-8710C-XS,1000,,100,deny,manual,349,1299,TRUE,TRUE,,https://cdn.shopify.com/s/files/1/0678/8415/5132/products/32_558b4dea-7c97-41fe-8c80-864e46db9176.jpg?v=1705822558,1,,FALSE,,,,,,,,,,,,,,,kg,,,TRUE,,,TRUE,,,active
maya-linen-wrap-dress-off-white-dr-8710c,,,,,,,,,S,,,,,DR-8710C-S,1000,,100,deny,manual,349,1299,TRUE,TRUE,,https://cdn.shopify.com/s/files/1/0678/8415/5132/products/33_2d1cb356-dba5-44db-90b1-fc8bde30135b.jpg?v=1705822558,2,,,,,,,,,,,,,,,,,kg,,,,,,,,,
maya-linen-wrap-dress-off-white-dr-8710c,,,,,,,,,M,,,,,DR-8710C-M,1000,,100,deny,manual,349,1299,TRUE,TRUE,,https://cdn.shopify.com/s/files/1/0678/8415/5132/products/31_00679a68-9484-476c-af3f-b5c3026031b2.jpg?v=1705822558,3,,,,,,,,,,,,,,,,,kg,,,,,,,,,
maya-linen-wrap-dress-off-white-dr-8710c,,,,,,,,,L,,,,,DR-8710C-L,1000,,100,deny,manual,349,1299,TRUE,TRUE,,https://cdn.shopify.com/s/files/1/0678/8415/5132/products/34_2d889a9e-c855-42e3-9fe6-2de1e8ddb106.jpg?v=1705822558,4,,,,,,,,,,,,,,,,,kg,,,,,,,,,
maya-linen-wrap-dress-off-white-dr-8710c,,,,,,,,,XL,,,,,DR-8710C-XL,1000,,100,deny,manual,349,1299,TRUE,TRUE,,,,,,,,,,,,,,,,,,,,kg,,,,,,,,,
maya-linen-wrap-dress-off-white-dr-8710c,,,,,,,,,XXL,,,,,DR-8710C-XXL,1000,,100,deny,manual,349,1299,TRUE,TRUE,,,,,,,,,,,,,,,,,,,,kg,,,,,,,,,
ikis-color-blocked-linen-shift-dress-charcoal-dr-8705a,Ikis Color-Blocked Linen Shift Dress - Charcoal,"<p>A short shift dress with a boat neck in a vertical paneled color-block style in soft pure linen - pairs beautifully with sneakers, flats or heels.</p>",SALE IS LIVE ,,Dresses,Copy AI,TRUE,Size,XS,,,,,DR-8705A-XS,1000,,100,deny,manual,349,1299,TRUE,TRUE,,https://cdn.shopify.com/s/files/1/0678/8415/5132/products/9.jpg?v=1705822548,1,,FALSE,,,,,,,,,,,,,,,kg,,,TRUE,,,TRUE,,,active
ikis-color-blocked-linen-shift-dress-charcoal-dr-8705a,,,,,,,,,S,,,,,DR-8705A-S,1000,,100,deny,manual,349,1299,TRUE,TRUE,,https://cdn.shopify.com/s/files/1/0678/8415/5132/products/114.jpg?v=1705822548,2,,,,,,,,,,,,,,,,,kg,,,,,,,,,
ikis-color-blocked-linen-shift-dress-charcoal-dr-8705a,,,,,,,,,M,,,,,DR-8705A-M,1000,,100,deny,manual,349,1299,TRUE,TRUE,,https://cdn.shopify.com/s/files/1/0678/8415/5132/products/6_2f68b468-596b-4bfd-a372-131a56221e94.jpg?v=1705822548,3,,,,,,,,,,,,,,,,,kg,,,,,,,,,
ikis-color-blocked-linen-shift-dress-charcoal-dr-8705a,,,,,,,,,L,,,,,DR-8705A-L,1000,,100,deny,manual,349,1299,TRUE,TRUE,,https://cdn.shopify.com/s/files/1/0678/8415/5132/products/7.jpg?v=1705822548,4,,,,,,,,,,,,,,,,,kg,,,,,,,,,
ikis-color-blocked-linen-shift-dress-charcoal-dr-8705a,,,,,,,,,XL,,,,,DR-8705A-XL,1000,,100,deny,manual,349,1299,TRUE,TRUE,,https://cdn.shopify.com/s/files/1/0678/8415/5132/products/8.jpg?v=1705822548,5,,,,,,,,,,,,,,,,,kg,,,,,,,,,
ikis-color-blocked-linen-shift-dress-charcoal-dr-8705a,,,,,,,,,XXL,,,,,DR-8705A-XXL,1000,,100,deny,manual,349,1299,TRUE,TRUE,,https://cdn.shopify.com/s/files/1/0678/8415/5132/products/10.jpg?v=1705822548,6,,,,,,,,,,,,,,,,,kg,,,,,,,,,
runa-linen-shift-dress-charcoal-dr-8711a,Runa Linen Shift Dress - Charcoal,"<p>A classic linen shift dress with a shirt collar, short sleeves and a concealed zipper.</p>",SALE IS LIVE ,,Dresses,Copy AI,TRUE,Size,XS,,,,,DR-8711A-XS,1000,,100,deny,manual,349,1299,TRUE,TRUE,,https://cdn.shopify.com/s/files/1/0678/8415/5132/products/69.jpg?v=1705822532,1,,FALSE,,,,,,,,,,,,,,,kg,,,TRUE,,,TRUE,,,active
runa-linen-shift-dress-charcoal-dr-8711a,,,,,,,,,S,,,,,DR-8711A-S,1000,,100,deny,manual,349,1299,TRUE,TRUE,,https://cdn.shopify.com/s/files/1/0678/8415/5132/products/66.jpg?v=1705822532,2,,,,,,,,,,,,,,,,,kg,,,,,,,,,
runa-linen-shift-dress-charcoal-dr-8711a,,,,,,,,,M,,,,,DR-8711A-M,1000,,100,deny,manual,349,1299,TRUE,TRUE,,https://cdn.shopify.com/s/files/1/0678/8415/5132/products/67.jpg?v=1705822532,3,,,,,,,,,,,,,,,,,kg,,,,,,,,,
runa-linen-shift-dress-charcoal-dr-8711a,,,,,,,,,L,,,,,DR-8711A-L,1000,,100,deny,manual,349,1299,TRUE,TRUE,,https://cdn.shopify.com/s/files/1/0678/8415/5132/products/68.jpg?v=1705822532,4,,,,,,,,,,,,,,,,,kg,,,,,,,,,
runa-linen-shift-dress-charcoal-dr-8711a,,,,,,,,,XL,,,,,DR-8711A-XL,1000,,100,deny,manual,349,1299,TRUE,TRUE,,https://cdn.shopify.com/s/files/1/0678/8415/5132/products/70.jpg?v=1705822532,5,,,,,,,,,,,,,,,,,kg,,,,,,,,,
runa-linen-shift-dress-charcoal-dr-8711a,,,,,,,,,XXL,,,,,DR-8711A-XXL,1000,,100,deny,manual,349,1299,TRUE,TRUE,,,,,,,,,,,,,,,,,,,,kg,,,,,,,,,
lana-printed-silk-dress-sage-grey-dr-9110b,Lana Printed Silk Dress - Sage Grey,<p>A soft tonal printed silk wrap dress with puff full sleeves in with a handwoven zari border at the hemline.</p>,SALE IS LIVE ,,Dresses,Copy AI,TRUE,Top Size,XS,,,,,DR-9110B-XS,1000,,100,deny,manual,349,1299,TRUE,TRUE,,https://cdn.shopify.com/s/files/1/0678/8415/5132/products/5142_134.jpg?v=1705822519,1,,FALSE,,,,,,,,,,,,,,,kg,,,TRUE,,,TRUE,,,active
lana-printed-silk-dress-sage-grey-dr-9110b,,,,,,,,,S,,,,,DR-9110B-S,1000,,100,deny,manual,349,1299,TRUE,TRUE,,https://cdn.shopify.com/s/files/1/0678/8415/5132/products/5153_132.jpg?v=1705822519,2,,,,,,,,,,,,,,,,,kg,,,,,,,,,
lana-printed-silk-dress-sage-grey-dr-9110b,,,,,,,,,M,,,,,DR-9110B-M,1000,,100,deny,manual,349,1299,TRUE,TRUE,,https://cdn.shopify.com/s/files/1/0678/8415/5132/products/5148_131.jpg?v=1705822519,3,,,,,,,,,,,,,,,,,kg,,,,,,,,,
lana-printed-silk-dress-sage-grey-dr-9110b,,,,,,,,,L,,,,,DR-9110B-L,1000,,100,deny,manual,349,1299,TRUE,TRUE,,https://cdn.shopify.com/s/files/1/0678/8415/5132/products/5132_127.jpg?v=1705822519,4,,,,,,,,,,,,,,,,,kg,,,,,,,,,
lana-printed-silk-dress-sage-grey-dr-9110b,,,,,,,,,XL,,,,,DR-9110B-XL,1000,,100,deny,manual,349,1299,TRUE,TRUE,,https://cdn.shopify.com/s/files/1/0678/8415/5132/products/5133_129.jpg?v=1705822519,5,,,,,,,,,,,,,,,,,kg,,,,,,,,,
lana-printed-silk-dress-sage-grey-dr-9110b,,,,,,,,,XXL,,,,,DR-9110B-XXL,1000,,100,deny,manual,349,1299,TRUE,TRUE,,https://cdn.shopify.com/s/files/1/0678/8415/5132/products/5147_130.jpg?v=1705822519,6,,,,,,,,,,,,,,,,,kg,,,,,,,,,
masa-timeless-linen-dress-off-white-dr-8728c,Masa Timeless Linen Dress - Off-White,"<style type=""text/css""><!--
td {border: 1px solid #cccccc;}br {mso-data-placement:same-cell;}
--></style>
<p><span data-sheets-userformat='{""2"":14845,""3"":{""1"":0,""3"":1},""5"":{""1"":[{""1"":2,""2"":0,""5"":{""1"":2,""2"":0}},{""1"":0,""2"":0,""3"":3},{""1"":1,""2"":0,""4"":1}]},""6"":{""1"":[{""1"":2,""2"":0,""5"":{""1"":2,""2"":0}},{""1"":0,""2"":0,""3"":3},{""1"":1,""2"":0,""4"":1}]},""7"":{""1"":[{""1"":2,""2"":0,""5"":{""1"":2,""2"":0}},{""1"":0,""2"":0,""3"":3},{""1"":1,""2"":0,""4"":1}]},""8"":{""1"":[{""1"":2,""2"":0,""5"":{""1"":2,""2"":0}},{""1"":0,""2"":0,""3"":3},{""1"":1,""2"":0,""4"":1}]},""9"":1,""10"":1,""11"":4,""14"":{""1"":3,""3"":1},""15"":""Calibri"",""16"":11}' data-sheets-value='{""1"":2,""2"":""A color-blocked dress that we love to wear through the year. Designed with an A-Line shape and a low V shaped back, folded sleeves and pockets in soft pure linen.""}'>A color-blocked dress that we love to wear through the year. Designed with an A-Line shape and a low V shaped back, folded sleeves and pockets in soft pure linen.</span><br></p>",SALE IS LIVE ,,Dresses,Copy AI,TRUE,Size,S/M,,,,,DR-8728C,1000,,100,deny,manual,349,1299,TRUE,TRUE,,https://cdn.shopify.com/s/files/1/0678/8415/5132/products/44_8a092710-9777-4838-843c-e667d465c1e3.jpg?v=1705822502,1,,FALSE,,,,,,,,,,,,,,,kg,,,TRUE,,,TRUE,,,active
masa-timeless-linen-dress-off-white-dr-8728c,,,,,,,,,L/XL,,,,,DR-8728C,1000,,100,deny,manual,349,1299,TRUE,TRUE,,https://cdn.shopify.com/s/files/1/0678/8415/5132/products/41_62848e9f-5d69-46b4-b8dd-741330aa544c.jpg?v=1705822502,2,,,,,,,,,,,,,,,,,kg,,,,,,,,,
masa-timeless-linen-dress-off-white-dr-8728c,,,,,,,,,,,,,,,,,,,,,,,,,https://cdn.shopify.com/s/files/1/0678/8415/5132/products/43_1b833873-a211-4520-98d9-b94fe4397ca5.jpg?v=1705822502,3,,,,,,,,,,,,,,,,,,,,,,,,,,
masa-timeless-linen-dress-off-white-dr-8728c,,,,,,,,,,,,,,,,,,,,,,,,,https://cdn.shopify.com/s/files/1/0678/8415/5132/products/42_2555dfbc-3d15-44d6-b583-1efe699d7918.jpg?v=1705822502,4,,,,,,,,,,,,,,,,,,,,,,,,,,
miki-color-blocked-linen-dress-dusk-dr-5011a-dusk,Miki Color-Blocked Linen Dress - Dusk,"<p>A sleeveless color-blocked sleeveless dress with horizontal bands of soft linen in navy, mulberry and ash grey finished with a running kantha handstitch along the pockets.</p>",SALE IS LIVE ,,Dresses,Copy AI,TRUE,Size,XS,,,,,DR-5011A-Dusk-XS,1000,,100,deny,manual,349,1299,TRUE,TRUE,,https://cdn.shopify.com/s/files/1/0678/8415/5132/products/editing-finalartboard_19.jpg?v=1705822493,1,,FALSE,,,,,,,,,,,,,,,kg,,,TRUE,,,TRUE,,,active
miki-color-blocked-linen-dress-dusk-dr-5011a-dusk,,,,,,,,,S,,,,,DR-5011A-Dusk-S,1000,,100,deny,manual,349,1299,TRUE,TRUE,,https://cdn.shopify.com/s/files/1/0678/8415/5132/products/editing-finalartboard_16.jpg?v=1705822493,2,,,,,,,,,,,,,,,,,kg,,,,,,,,,
miki-color-blocked-linen-dress-dusk-dr-5011a-dusk,,,,,,,,,M,,,,,DR-5011A-Dusk-M,1000,,100,deny,manual,349,1299,TRUE,TRUE,,https://cdn.shopify.com/s/files/1/0678/8415/5132/products/editing-finalartboard_17.jpg?v=1705822493,3,,,,,,,,,,,,,,,,,kg,,,,,,,,,
miki-color-blocked-linen-dress-dusk-dr-5011a-dusk,,,,,,,,,L,,,,,DR-5011A-Dusk-L,1000,,100,deny,manual,349,1299,TRUE,TRUE,,https://cdn.shopify.com/s/files/1/0678/8415/5132/products/editing-finalartboard_18.jpg?v=1705822493,4,,,,,,,,,,,,,,,,,kg,,,,,,,,,
miki-color-blocked-linen-dress-dusk-dr-5011a-dusk,,,,,,,,,XL,,,,,DR-5011A-Dusk-XL,1000,,100,deny,manual,349,1299,TRUE,TRUE,,https://cdn.shopify.com/s/files/1/0678/8415/5132/products/editing-finalartboard_20.jpg?v=1705822493,5,,,,,,,,,,,,,,,,,kg,,,,,,,,,
miki-color-blocked-linen-dress-dusk-dr-5011a-dusk,,,,,,,,,XXL,,,,,DR-5011A-Dusk-XXL,1000,,100,deny,manual,349,1299,TRUE,TRUE,,,,,,,,,,,,,,,,,,,,kg,,,,,,,,,
luna-jamdani-linen-dress-dr-8105a,Luna Jamdani Linen Dress,"<p>A mandarin collared dress with side slits, 3/4th sleeves and a multicoloured stripe handwoven border at the hemline and placket. Designed on our handloom jamdani linen woven in ivory, natural and blush tones with each jamdani motif woven with zari/metallic yarn.</p>",SALE IS LIVE ,,Dresses,Copy AI,TRUE,Size,XS,Add Slip,No Slip,,,DR-8105A-XS,1000,,100,deny,manual,349,1299,TRUE,TRUE,,https://cdn.shopify.com/s/files/1/0678/8415/5132/products/mahima7361.jpg?v=1705822484,1,,FALSE,,,,,,,,,,,,,,,kg,,,TRUE,,,TRUE,,,active
luna-jamdani-linen-dress-dr-8105a,,,,,,,,,XS,,Add Slip + INR 1600,,,,1000,,100,deny,manual,349,1299,TRUE,TRUE,,https://cdn.shopify.com/s/files/1/0678/8415/5132/products/mahima7365.jpg?v=1705822484,2,,,,,,,,,,,,,,,,,kg,,,,,,,,,
luna-jamdani-linen-dress-dr-8105a,,,,,,,,,S,,No Slip,,,DR-8105A-S,1000,,100,deny,manual,349,1299,TRUE,TRUE,,https://cdn.shopify.com/s/files/1/0678/8415/5132/products/mahima7352.jpg?v=1705822484,3,,,,,,,,,,,,,,,,,kg,,,,,,,,,
luna-jamdani-linen-dress-dr-8105a,,,,,,,,,S,,Add Slip + INR 1600,,,,1000,,100,deny,manual,349,1299,TRUE,TRUE,,https://cdn.shopify.com/s/files/1/0678/8415/5132/products/mahima7370.jpg?v=1705822484,4,,,,,,,,,,,,,,,,,kg,,,,,,,,,
luna-jamdani-linen-dress-dr-8105a,,,,,,,,,M,,No Slip,,,DR-8105A-M,1000,,100,deny,manual,349,1299,TRUE,TRUE,,https://cdn.shopify.com/s/files/1/0678/8415/5132/products/mahima7371.jpg?v=1705822484,5,,,,,,,,,,,,,,,,,kg,,,,,,,,,
luna-jamdani-linen-dress-dr-8105a,,,,,,,,,M,,Add Slip + INR 1600,,,,1000,,100,deny,manual,349,1299,TRUE,TRUE,,https://cdn.shopify.com/s/files/1/0678/8415/5132/products/close-upsartboard_11.jpg?v=1705822484,6,,,,,,,,,,,,,,,,,kg,,,,,,,,,
luna-jamdani-linen-dress-dr-8105a,,,,,,,,,L,,No Slip,,,DR-8105A-L,1000,,100,deny,manual,349,1299,TRUE,TRUE,,https://cdn.shopify.com/s/files/1/0678/8415/5132/products/close-upsartboard_29.jpg?v=1705822484,7,,,,,,,,,,,,,,,,,kg,,,,,,,,,
luna-jamdani-linen-dress-dr-8105a,,,,,,,,,L,,Add Slip + INR 1600,,,,1000,,100,deny,manual,349,1299,TRUE,TRUE,,,,,,,,,,,,,,,,,,,,kg,,,,,,,,,
luna-jamdani-linen-dress-dr-8105a,,,,,,,,,XL,,No Slip,,,DR-8105A-XL,1000,,100,deny,manual,349,1299,TRUE,TRUE,,,,,,,,,,,,,,,,,,,,kg,,,,,,,,,
luna-jamdani-linen-dress-dr-8105a,,,,,,,,,XL,,Add Slip + INR 1600,,,,1000,,100,deny,manual,349,1299,TRUE,TRUE,,,,,,,,,,,,,,,,,,,,kg,,,,,,,,,
luna-jamdani-linen-dress-dr-8105a,,,,,,,,,XXL,,No Slip,,,DR-8105A-XXL,1000,,100,deny,manual,349,1299,TRUE,TRUE,,,,,,,,,,,,,,,,,,,,kg,,,,,,,,,
luna-jamdani-linen-dress-dr-8105a,,,,,,,,,XXL,,Add Slip + INR 1600,,,,1000,,100,deny,manual,349,1299,TRUE,TRUE,,,,,,,,,,,,,,,,,,,,kg,,,,,,,,,
asuka-color-blocked-dress-dusk-dr-5004a-dusk,Asuka Color-Blocked Dress - Dusk,"<p>Color-blocked sleeveless calf-length dress in shades of navy, mulberry and ash grey linen with pockets- perfect to wear at home or for a get-together with friends.</p>",SALE IS LIVE ,,Dresses,Copy AI,TRUE,Top Size,XS,,,,,DR-5004A-Dusk-XS,1000,,100,deny,manual,349,1299,TRUE,TRUE,,https://cdn.shopify.com/s/files/1/0678/8415/5132/products/editing-finalartboard_1.jpg?v=1705822473,1,,FALSE,,,,,,,,,,,,,,,kg,,,TRUE,,,TRUE,,,active
asuka-color-blocked-dress-dusk-dr-5004a-dusk,,,,,,,,,S,,,,,DR-5004A-Dusk-S,1000,,100,deny,manual,349,1299,TRUE,TRUE,,https://cdn.shopify.com/s/files/1/0678/8415/5132/products/editing-finalartboard_2.jpg?v=1705822473,2,,,,,,,,,,,,,,,,,kg,,,,,,,,,
asuka-color-blocked-dress-dusk-dr-5004a-dusk,,,,,,,,,M,,,,,DR-5004A-Dusk-M,1000,,100,deny,manual,349,1299,TRUE,TRUE,,https://cdn.shopify.com/s/files/1/0678/8415/5132/products/editing-finalartboard_3.jpg?v=1705822473,3,,,,,,,,,,,,,,,,,kg,,,,,,,,,
asuka-color-blocked-dress-dusk-dr-5004a-dusk,,,,,,,,,L,,,,,DR-5004A-Dusk-L,1000,,100,deny,manual,349,1299,TRUE,TRUE,,https://cdn.shopify.com/s/files/1/0678/8415/5132/products/editing-finalartboard_4.jpg?v=1705822473,4,,,,,,,,,,,,,,,,,kg,,,,,,,,,
asuka-color-blocked-dress-dusk-dr-5004a-dusk,,,,,,,,,XL,,,,,DR-5004A-Dusk-XL,1000,,100,deny,manual,349,1299,TRUE,TRUE,,https://cdn.shopify.com/s/files/1/0678/8415/5132/products/editing-finalartboard_5.jpg?v=1705822473,5,,,,,,,,,,,,,,,,,kg,,,,,,,,,
asuka-color-blocked-dress-dusk-dr-5004a-dusk,,,,,,,,,XXL,,,,,DR-5004A-Dusk-XXL,1000,,100,deny,manual,349,1299,TRUE,TRUE,,,,,,,,,,,,,,,,,,,,kg,,,,,,,,,
kyra-jamdani-kaftan-dress-kt-8101a,Kyra Jamdani Kaftan Dress,"<p>A relaxed fit kaftan style dress designed in our handloom jamdani linen woven in ivory, natural and blush colours, a handwoven multicoloured stripe border and metallic yarn jamdani motifs.</p>",SALE IS LIVE ,,Dresses,Copy AI,TRUE,Size,Free Size,Add Slip,No Slip,,,KT-8101A-Free Size,1000,,100,deny,manual,349,1299,TRUE,TRUE,,https://cdn.shopify.com/s/files/1/0678/8415/5132/products/mahima7471.jpg?v=1705822465,1,,FALSE,,,,,,,,,,,,,,,kg,,,TRUE,,,TRUE,,,active
kyra-jamdani-kaftan-dress-kt-8101a,,,,,,,,,Free Size,,Add Slip + INR 1600,,,KT-8101A-Free Size-Add Slip,1000,,100,deny,manual,349,1299,TRUE,TRUE,,https://cdn.shopify.com/s/files/1/0678/8415/5132/products/mahima7448_1.jpg?v=1705822465,2,,,,,,,,,,,,,,,,,kg,,,,,,,,,
kyra-jamdani-kaftan-dress-kt-8101a,,,,,,,,,,,,,,,,,,,,,,,,,https://cdn.shopify.com/s/files/1/0678/8415/5132/products/mahima7463.jpg?v=1705822465,3,,,,,,,,,,,,,,,,,,,,,,,,,,
kyra-jamdani-kaftan-dress-kt-8101a,,,,,,,,,,,,,,,,,,,,,,,,,https://cdn.shopify.com/s/files/1/0678/8415/5132/products/mahima7468.jpg?v=1705822465,4,,,,,,,,,,,,,,,,,,,,,,,,,,
kyra-jamdani-kaftan-dress-kt-8101a,,,,,,,,,,,,,,,,,,,,,,,,,https://cdn.shopify.com/s/files/1/0678/8415/5132/products/mahima7474.jpg?v=1705822465,5,,,,,,,,,,,,,,,,,,,,,,,,,,
kyra-jamdani-kaftan-dress-kt-8101a,,,,,,,,,,,,,,,,,,,,,,,,,https://cdn.shopify.com/s/files/1/0678/8415/5132/products/close-upsartboard_22_1.jpg?v=1705822465,6,,,,,,,,,,,,,,,,,,,,,,,,,,
kyra-jamdani-kaftan-dress-kt-8101a,,,,,,,,,,,,,,,,,,,,,,,,,https://cdn.shopify.com/s/files/1/0678/8415/5132/products/close-upsartboard_23_1.jpg?v=1705822465,7,,,,,,,,,,,,,,,,,,,,,,,,,,
eza-pintucked-linen-dress-ash-dr-8603c,Eza Pintucked Linen Dress - Ash,"<p>A statement, yet comfortable boat-neck A-line dress with fine pintucks stitched down from the neckline. The Eza Dress has been designed with 3/4th sleeves and comfortable pockets in our yarn-dyed handwoven linen with multi-coloured and metallic zari stripes woven along the hemline.</p>",SALE IS LIVE ,,Dresses,Copy AI,TRUE,Size,S/M,,,,,DR-8603C-S/M,1000,,100,deny,manual,349,1299,TRUE,TRUE,,https://cdn.shopify.com/s/files/1/0678/8415/5132/products/Manan5984_511768ba-25a2-4256-9403-e289a0d6599a.jpg?v=1705822453,1,,FALSE,,,,,,,,,,,,,,,kg,,,TRUE,,,TRUE,,,active
eza-pintucked-linen-dress-ash-dr-8603c,,,,,,,,,L/XL,,,,,DR-8603C-L/XL,1000,,100,deny,manual,349,1299,TRUE,TRUE,,https://cdn.shopify.com/s/files/1/0678/8415/5132/products/Manan6009.jpg?v=1705822453,2,,,,,,,,,,,,,,,,,kg,,,,,,,,,
eza-pintucked-linen-dress-ash-dr-8603c,,,,,,,,,XXL/3XL,,,,,DR-8603C-XXL/3XL,1000,,100,deny,manual,349,1299,TRUE,TRUE,,https://cdn.shopify.com/s/files/1/0678/8415/5132/products/Manan5989.jpg?v=1705822454,3,,,,,,,,,,,,,,,,,kg,,,,,,,,,
eza-pintucked-linen-dress-ash-dr-8603c,,,,,,,,,,,,,,,,,,,,,,,,,https://cdn.shopify.com/s/files/1/0678/8415/5132/products/Manan5997_d1c0345c-6e3c-4909-8a56-2b1d4b71f3ea.jpg?v=1705822454,4,,,,,,,,,,,,,,,,,,,,,,,,,,
eza-pintucked-linen-dress-ash-dr-8603c,,,,,,,,,,,,,,,,,,,,,,,,,https://cdn.shopify.com/s/files/1/0678/8415/5132/products/Manan6008.jpg?v=1705822454,5,,,,,,,,,,,,,,,,,,,,,,,,,,
eza-pintucked-linen-dress-ash-dr-8603c,,,,,,,,,,,,,,,,,,,,,,,,,https://cdn.shopify.com/s/files/1/0678/8415/5132/products/Manan6011.jpg?v=1705822454,6,,,,,,,,,,,,,,,,,,,,,,,,,,
eza-pintucked-linen-dress-ash-dr-8603c,,,,,,,,,,,,,,,,,,,,,,,,,https://cdn.shopify.com/s/files/1/0678/8415/5132/products/Manan5988.jpg?v=1705822454,7,,,,,,,,,,,,,,,,,,,,,,,,,,
maya-linen-dress-with-jacket-rose-cs-8710b,Maya Linen Dress with Jacket - Rose,"<p>Dress - Our favourite, most versatile sleeveless wrap dress in soft pure linen - layer it with a jacket or wear it with our statement earrings for the perfect look. <br>Jacket - An over-sized boyfriend style blazer with pockets in soft pure linen.</p>",SALE IS LIVE ,,Co-ord Sets,Copy AI,TRUE,Top Size,XS,Jacket Size,S/M,,,CS-8710B-XS-S/M,1000,,100,deny,manual,349,1299,TRUE,TRUE,,https://cdn.shopify.com/s/files/1/0678/8415/5132/products/116.jpg?v=1705822434,1,,FALSE,,,,,,,,,,,,,,,kg,,,TRUE,,,TRUE,,,active
maya-linen-dress-with-jacket-rose-cs-8710b,,,,,,,,,XS,,L/XL,,,CS-8710B-XS-L/XL,1000,,100,deny,manual,349,1299,TRUE,TRUE,,https://cdn.shopify.com/s/files/1/0678/8415/5132/products/120.jpg?v=1705822434,2,,,,,,,,,,,,,,,,,kg,,,,,,,,,
maya-linen-dress-with-jacket-rose-cs-8710b,,,,,,,,,S,,S/M,,,CS-8710B-S-S/M,1000,,100,deny,manual,349,1299,TRUE,TRUE,,https://cdn.shopify.com/s/files/1/0678/8415/5132/products/28_d0963bd7-a462-4335-b3dc-bd0721afba3b.jpg?v=1705822434,3,,,,,,,,,,,,,,,,,kg,,,,,,,,,
maya-linen-dress-with-jacket-rose-cs-8710b,,,,,,,,,S,,L/XL,,,CS-8710B-S-L/XL,1000,,100,deny,manual,349,1299,TRUE,TRUE,,https://cdn.shopify.com/s/files/1/0678/8415/5132/products/118.jpg?v=1705822434,4,,,,,,,,,,,,,,,,,kg,,,,,,,,,
maya-linen-dress-with-jacket-rose-cs-8710b,,,,,,,,,M,,S/M,,,CS-8710B-M-S/M,1000,,100,deny,manual,349,1299,TRUE,TRUE,,https://cdn.shopify.com/s/files/1/0678/8415/5132/products/117.jpg?v=1705822434,5,,,,,,,,,,,,,,,,,kg,,,,,,,,,
maya-linen-dress-with-jacket-rose-cs-8710b,,,,,,,,,M,,L/XL,,,CS-8710B-M-L/XL,1000,,100,deny,manual,349,1299,TRUE,TRUE,,https://cdn.shopify.com/s/files/1/0678/8415/5132/products/26_a46ad69d-d565-42b8-ba18-17609d8aee5c.jpg?v=1705822434,6,,,,,,,,,,,,,,,,,kg,,,,,,,,,
maya-linen-dress-with-jacket-rose-cs-8710b,,,,,,,,,L,,S/M,,,CS-8710B-L-S/M,1000,,100,deny,manual,349,1299,TRUE,TRUE,,https://cdn.shopify.com/s/files/1/0678/8415/5132/products/29_133848a8-ac5f-4d9b-973f-8c3cc2c19379.jpg?v=1705822434,7,,,,,,,,,,,,,,,,,kg,,,,,,,,,
maya-linen-dress-with-jacket-rose-cs-8710b,,,,,,,,,L,,L/XL,,,CS-8710B-L-L/XL,1000,,100,deny,manual,349,1299,TRUE,TRUE,,https://cdn.shopify.com/s/files/1/0678/8415/5132/products/119.jpg?v=1705822434,8,,,,,,,,,,,,,,,,,kg,,,,,,,,,
maya-linen-dress-with-jacket-rose-cs-8710b,,,,,,,,,XL,,S/M,,,CS-8710B-XL-S/M,1000,,100,deny,manual,349,1299,TRUE,TRUE,,,,,,,,,,,,,,,,,,,,kg,,,,,,,,,
maya-linen-dress-with-jacket-rose-cs-8710b,,,,,,,,,XL,,L/XL,,,CS-8710B-XL-L/XL,1000,,100,deny,manual,349,1299,TRUE,TRUE,,,,,,,,,,,,,,,,,,,,kg,,,,,,,,,
maya-linen-dress-with-jacket-rose-cs-8710b,,,,,,,,,XXL,,S/M,,,CS-8710B-XXL-S/M,1000,,100,deny,manual,349,1299,TRUE,TRUE,,,,,,,,,,,,,,,,,,,,kg,,,,,,,,,
maya-linen-dress-with-jacket-rose-cs-8710b,,,,,,,,,XXL,,L/XL,,,CS-8710B-XXL-L/XL,1000,,100,deny,manual,349,1299,TRUE,TRUE,,,,,,,,,,,,,,,,,,,,kg,,,,,,,,,
kari-linen-dress-fern-dr-8607b,Kari Linen Dress - Fern,<p>A full sleeve above-the-knee length dress with a buttoned placket handcrafted in our handwoven linen with woven multicoloured and metallic zari stripes placed asymmetrically. The Kari Dress is finished with intricate hand-done running stitches along the neckline and fabric covered buttons with hand-embroidered accents.</p>,SALE IS LIVE ,,Dresses,Copy AI,TRUE,Size,XS,,,,,DR-8607B-XS,1000,,100,deny,manual,349,1299,TRUE,TRUE,,https://cdn.shopify.com/s/files/1/0678/8415/5132/products/Manan6227.jpg?v=1705822413,1,,FALSE,,,,,,,,,,,,,,,kg,,,TRUE,,,TRUE,,,active
kari-linen-dress-fern-dr-8607b,,,,,,,,,S,,,,,DR-8607B-S,1000,,100,deny,manual,349,1299,TRUE,TRUE,,https://cdn.shopify.com/s/files/1/0678/8415/5132/products/Manan6195.jpg?v=1705822413,2,,,,,,,,,,,,,,,,,kg,,,,,,,,,
kari-linen-dress-fern-dr-8607b,,,,,,,,,M,,,,,DR-8607B-M,1000,,100,deny,manual,349,1299,TRUE,TRUE,,https://cdn.shopify.com/s/files/1/0678/8415/5132/products/Manan6230.jpg?v=1705822413,3,,,,,,,,,,,,,,,,,kg,,,,,,,,,
kari-linen-dress-fern-dr-8607b,,,,,,,,,L,,,,,DR-8607B-L,1000,,100,deny,manual,349,1299,TRUE,TRUE,,https://cdn.shopify.com/s/files/1/0678/8415/5132/products/Manan6214.jpg?v=1705822413,4,,,,,,,,,,,,,,,,,kg,,,,,,,,,
kari-linen-dress-fern-dr-8607b,,,,,,,,,XL,,,,,DR-8607B-XL,1000,,100,deny,manual,349,1299,TRUE,TRUE,,https://cdn.shopify.com/s/files/1/0678/8415/5132/products/Manan6216.jpg?v=1705822413,5,,,,,,,,,,,,,,,,,kg,,,,,,,,,
kari-linen-dress-fern-dr-8607b,,,,,,,,,XXL,,,,,DR-8607B-XXL,1000,,100,deny,manual,349,1299,TRUE,TRUE,,https://cdn.shopify.com/s/files/1/0678/8415/5132/products/Manan6226.jpg?v=1705822413,6,,,,,,,,,,,,,,,,,kg,,,,,,,,,
kari-linen-dress-fern-dr-8607b,,,,,,,,,,,,,,,,,,,,,,,,,https://cdn.shopify.com/s/files/1/0678/8415/5132/products/Manan6228.jpg?v=1705822413,7,,,,,,,,,,,,,,,,,,,,,,,,,,
anzu-color-blocked-dress-dusk-dr-5001a-dusk,Anzu Color-Blocked Dress - Dusk,"<p>Color-blocked comfortable tunic dress with a V-neck, pockets and 3/4 sleeves made by combining soft linen in navy, mulberry and ash grey in an abstract contemporary pattern.</p>",SALE IS LIVE ,,Dresses,Copy AI,TRUE,Top Size,XS,,,,,DR-5001A-Dusk-XS,1000,,100,deny,manual,349,1299,TRUE,TRUE,,https://cdn.shopify.com/s/files/1/0678/8415/5132/products/editing-finalartboard_11.jpg?v=1705822393,1,,FALSE,,,,,,,,,,,,,,,kg,,,TRUE,,,TRUE,,,active
anzu-color-blocked-dress-dusk-dr-5001a-dusk,,,,,,,,,S,,,,,DR-5001A-Dusk-S,1000,,100,deny,manual,349,1299,TRUE,TRUE,,https://cdn.shopify.com/s/files/1/0678/8415/5132/products/editing-finalartboard_12.jpg?v=1705822393,2,,,,,,,,,,,,,,,,,kg,,,,,,,,,
anzu-color-blocked-dress-dusk-dr-5001a-dusk,,,,,,,,,M,,,,,DR-5001A-Dusk-M,1000,,100,deny,manual,349,1299,TRUE,TRUE,,https://cdn.shopify.com/s/files/1/0678/8415/5132/products/editing-finalartboard_13.jpg?v=1705822393,3,,,,,,,,,,,,,,,,,kg,,,,,,,,,
anzu-color-blocked-dress-dusk-dr-5001a-dusk,,,,,,,,,L,,,,,DR-5001A-Dusk-L,1000,,100,deny,manual,349,1299,TRUE,TRUE,,https://cdn.shopify.com/s/files/1/0678/8415/5132/products/editing-finalartboard_14.jpg?v=1705822393,4,,,,,,,,,,,,,,,,,kg,,,,,,,,,
anzu-color-blocked-dress-dusk-dr-5001a-dusk,,,,,,,,,XL,,,,,DR-5001A-Dusk-XL,1000,,100,deny,manual,349,1299,TRUE,TRUE,,https://cdn.shopify.com/s/files/1/0678/8415/5132/products/editing-finalartboard_15.jpg?v=1705822393,5,,,,,,,,,,,,,,,,,kg,,,,,,,,,
anzu-color-blocked-dress-dusk-dr-5001a-dusk,,,,,,,,,XXL,,,,,DR-5001A-Dusk-XXL,1000,,100,deny,manual,349,1299,TRUE,TRUE,,,,,,,,,,,,,,,,,,,,kg,,,,,,,,,
nia-linen-dress-with-overlay-ivory-cs-8608a,Nia Linen Dress with Overlay - Ivory,Dress - A perennial boat neck dress with intricate hand pintucking on yarn-dyed handwoven linen with multicoloured &amp; metallic zari stripes placed asymmetrically. The Nia dress is finished with running stitches along the neckline and hand-made fabric covered buttons with hand embroidered details in pop coloured threads. <br>Jacket - A soft flowing hand-dyed ombre pure sheer linen princess cut overlay with a shawl collar. Note - The overlay is hand-dyed by expert artisans and minor variations can occur from one piece to another.,SALE IS LIVE ,,Co-ord Sets,Copy AI,TRUE,Top Size,XS,Jacket Size,Free Size,Add Slip,No Slip,CS-8608A-XS-FREE SIZE-NO SLIP,1000,,100,deny,manual,349,1299,TRUE,TRUE,,https://cdn.shopify.com/s/files/1/0678/8415/5132/products/AnaOmbreLinenOverlay_f0ff5eb1-bda7-416c-ae9d-fab58871de25.jpg?v=1705822383,1,,FALSE,,,,,,,,,,,,,,,kg,,,TRUE,,,TRUE,,,active
nia-linen-dress-with-overlay-ivory-cs-8608a,,,,,,,,,XS,,Free Size,,Add Slip + INR 1600,CS-8608A-XS-FREE SIZE-ADD SLIP + INR 1600,1000,,100,deny,manual,349,1299,TRUE,TRUE,,https://cdn.shopify.com/s/files/1/0678/8415/5132/products/Manan5678_e9e98956-9f68-4e56-99fa-5aae3e9657b3.jpg?v=1705822383,2,,,,,,,,,,,,,,,,,kg,,,,,,,,,
nia-linen-dress-with-overlay-ivory-cs-8608a,,,,,,,,,S,,Free Size,,No Slip,CS-8608A-S-FREE SIZE-NO SLIP,1000,,100,deny,manual,349,1299,TRUE,TRUE,,https://cdn.shopify.com/s/files/1/0678/8415/5132/products/Manan5648_3771c3cc-b074-40a6-be1f-bdc258936c0d.jpg?v=1705822383,3,,,,,,,,,,,,,,,,,kg,,,,,,,,,
nia-linen-dress-with-overlay-ivory-cs-8608a,,,,,,,,,S,,Free Size,,Add Slip + INR 1600,CS-8608A-S-FREE SIZE-ADD SLIP + INR 1600,1000,,100,deny,manual,349,1299,TRUE,TRUE,,https://cdn.shopify.com/s/files/1/0678/8415/5132/products/Manan5672_c64b79f2-51a4-41aa-9b3c-37863cb5c91f.jpg?v=1705822383,4,,,,,,,,,,,,,,,,,kg,,,,,,,,,
nia-linen-dress-with-overlay-ivory-cs-8608a,,,,,,,,,M,,Free Size,,No Slip,CS-8608A-M-FREE SIZE-NO SLIP,1000,,100,deny,manual,349,1299,TRUE,TRUE,,https://cdn.shopify.com/s/files/1/0678/8415/5132/products/Manan5653_8cea72fe-cd1b-459c-b7bb-79b9965ab8ae.jpg?v=1705822383,5,,,,,,,,,,,,,,,,,kg,,,,,,,,,
nia-linen-dress-with-overlay-ivory-cs-8608a,,,,,,,,,M,,Free Size,,Add Slip + INR 1600,CS-8608A-M-FREE SIZE-ADD SLIP + INR 1600,1000,,100,deny,manual,349,1299,TRUE,TRUE,,https://cdn.shopify.com/s/files/1/0678/8415/5132/products/Manan5664_f13cff10-f2c0-4455-a016-2fe193e114e2.jpg?v=1705822383,6,,,,,,,,,,,,,,,,,kg,,,,,,,,,
nia-linen-dress-with-overlay-ivory-cs-8608a,,,,,,,,,L,,Free Size,,No Slip,CS-8608A-L-FREE SIZE-NO SLIP,1000,,100,deny,manual,349,1299,TRUE,TRUE,,https://cdn.shopify.com/s/files/1/0678/8415/5132/products/NiaDresswithJacketOverlay_cd6d638c-aaa5-4cd6-b347-96dce3d23dc9.jpg?v=1705822383,7,,,,,,,,,,,,,,,,,kg,,,,,,,,,
nia-linen-dress-with-overlay-ivory-cs-8608a,,,,,,,,,L,,Free Size,,Add Slip + INR 1600,CS-8608A-L-FREE SIZE-ADD SLIP + INR 1600,1000,,100,deny,manual,349,1299,TRUE,TRUE,,,,,,,,,,,,,,,,,,,,kg,,,,,,,,,
nia-linen-dress-with-overlay-ivory-cs-8608a,,,,,,,,,XL,,Free Size,,No Slip,CS-8608A-XL-FREE SIZE-NO SLIP,1000,,100,deny,manual,349,1299,TRUE,TRUE,,,,,,,,,,,,,,,,,,,,kg,,,,,,,,,
nia-linen-dress-with-overlay-ivory-cs-8608a,,,,,,,,,XL,,Free Size,,Add Slip + INR 1600,CS-8608A-XL-FREE SIZE-ADD SLIP + INR 1600,1000,,100,deny,manual,349,1299,TRUE,TRUE,,,,,,,,,,,,,,,,,,,,kg,,,,,,,,,
nia-linen-dress-with-overlay-ivory-cs-8608a,,,,,,,,,XXL,,Free Size,,No Slip,CS-8608A-XXL-FREE SIZE-NO SLIP,1000,,100,deny,manual,349,1299,TRUE,TRUE,,,,,,,,,,,,,,,,,,,,kg,,,,,,,,,
nia-linen-dress-with-overlay-ivory-cs-8608a,,,,,,,,,XXL,,Free Size,,Add Slip + INR 1600,CS-8608A-XXL-FREE SIZE-ADD SLIP + INR 1600,1000,,100,deny,manual,349,1299,TRUE,TRUE,,,,,,,,,,,,,,,,,,,,kg,,,,,,,,,
kari-linen-dress-ivory-dr-8607a,Kari Linen Dress - Ivory,<p>A full sleeve above-the-knee length dress with a buttoned placket handcrafted in our handwoven linen with woven multicoloured and metallic zari stripes placed asymmetrically. The Kari Dress is finished with intricate hand-done running stitches along the neckline and fabric covered buttons with hand-embroidered accents.</p>,SALE IS LIVE ,,Dresses,Copy AI,TRUE,Size,XS,Add Slip,No Slip,,,DR-8607A-XS,1000,,100,deny,manual,349,1299,TRUE,TRUE,,https://cdn.shopify.com/s/files/1/0678/8415/5132/products/Manan6083.jpg?v=1705822364,1,,FALSE,,,,,,,,,,,,,,,kg,,,TRUE,,,TRUE,,,active
kari-linen-dress-ivory-dr-8607a,,,,,,,,,XS,,Add Slip + INR 1600,,,,1000,,100,deny,manual,349,1299,TRUE,TRUE,,https://cdn.shopify.com/s/files/1/0678/8415/5132/products/Manan6073.jpg?v=1705822364,2,,,,,,,,,,,,,,,,,kg,,,,,,,,,
kari-linen-dress-ivory-dr-8607a,,,,,,,,,S,,No Slip,,,DR-8607A-S,1000,,100,deny,manual,349,1299,TRUE,TRUE,,https://cdn.shopify.com/s/files/1/0678/8415/5132/products/Manan6078.jpg?v=1705822364,3,,,,,,,,,,,,,,,,,kg,,,,,,,,,
kari-linen-dress-ivory-dr-8607a,,,,,,,,,S,,Add Slip + INR 1600,,,,1000,,100,deny,manual,349,1299,TRUE,TRUE,,https://cdn.shopify.com/s/files/1/0678/8415/5132/products/Manan6098.jpg?v=1705822364,4,,,,,,,,,,,,,,,,,kg,,,,,,,,,
kari-linen-dress-ivory-dr-8607a,,,,,,,,,M,,No Slip,,,DR-8607A-M,1000,,100,deny,manual,349,1299,TRUE,TRUE,,https://cdn.shopify.com/s/files/1/0678/8415/5132/products/Manan6104.jpg?v=1705822364,5,,,,,,,,,,,,,,,,,kg,,,,,,,,,
kari-linen-dress-ivory-dr-8607a,,,,,,,,,M,,Add Slip + INR 1600,,,,1000,,100,deny,manual,349,1299,TRUE,TRUE,,https://cdn.shopify.com/s/files/1/0678/8415/5132/products/Manan6096.jpg?v=1705822364,6,,,,,,,,,,,,,,,,,kg,,,,,,,,,
kari-linen-dress-ivory-dr-8607a,,,,,,,,,L,,No Slip,,,DR-8607A-L,1000,,100,deny,manual,349,1299,TRUE,TRUE,,https://cdn.shopify.com/s/files/1/0678/8415/5132/products/Manan6093.jpg?v=1705822364,7,,,,,,,,,,,,,,,,,kg,,,,,,,,,
kari-linen-dress-ivory-dr-8607a,,,,,,,,,L,,Add Slip + INR 1600,,,,1000,,100,deny,manual,349,1299,TRUE,TRUE,,https://cdn.shopify.com/s/files/1/0678/8415/5132/products/Manan6090.jpg?v=1705822364,8,,,,,,,,,,,,,,,,,kg,,,,,,,,,
kari-linen-dress-ivory-dr-8607a,,,,,,,,,XL,,No Slip,,,DR-8607A-XL,1000,,100,deny,manual,349,1299,TRUE,TRUE,,https://cdn.shopify.com/s/files/1/0678/8415/5132/products/Manan6092.jpg?v=1705822364,9,,,,,,,,,,,,,,,,,kg,,,,,,,,,
kari-linen-dress-ivory-dr-8607a,,,,,,,,,XL,,Add Slip + INR 1600,,,,1000,,100,deny,manual,349,1299,TRUE,TRUE,,,,,,,,,,,,,,,,,,,,kg,,,,,,,,,
kari-linen-dress-ivory-dr-8607a,,,,,,,,,XXL,,No Slip,,,DR-8607A-XXL,1000,,100,deny,manual,349,1299,TRUE,TRUE,,,,,,,,,,,,,,,,,,,,kg,,,,,,,,,
kari-linen-dress-ivory-dr-8607a,,,,,,,,,XXL,,Add Slip + INR 1600,,,,1000,,100,deny,manual,349,1299,TRUE,TRUE,,,,,,,,,,,,,,,,,,,,kg,,,,,,,,,
enzo-linen-dress-charcoal,Niza Linen Dress - Charcoal,"<p>A color-blocked style, ankle-length bias cut dress in the softest pure linen with a keyhole detail at the back.</p>",SALE IS LIVE ,,Dresses,Copy AI,TRUE,Top Size,XS,,,,,DR-8725A-XS,1000,,100,deny,manual,349,1299,TRUE,TRUE,,https://cdn.shopify.com/s/files/1/0678/8415/5132/products/EditedArtboard6.jpg?v=1705822341,1,,FALSE,,,,,,,,,,,,,,,kg,,,TRUE,,,TRUE,,,active
enzo-linen-dress-charcoal,,,,,,,,,S,,,,,DR-8725A-S,1000,,100,deny,manual,349,1299,TRUE,TRUE,,https://cdn.shopify.com/s/files/1/0678/8415/5132/products/EditedArtboard1.jpg?v=1705822341,2,,,,,,,,,,,,,,,,,kg,,,,,,,,,
enzo-linen-dress-charcoal,,,,,,,,,M,,,,,DR-8725A-M,1000,,100,deny,manual,349,1299,TRUE,TRUE,,https://cdn.shopify.com/s/files/1/0678/8415/5132/products/EditedArtboard5.jpg?v=1705822341,3,,,,,,,,,,,,,,,,,kg,,,,,,,,,
enzo-linen-dress-charcoal,,,,,,,,,L,,,,,DR-8725A-L,1000,,100,deny,manual,349,1299,TRUE,TRUE,,https://cdn.shopify.com/s/files/1/0678/8415/5132/products/EditedArtboard4.jpg?v=1705822341,4,,,,,,,,,,,,,,,,,kg,,,,,,,,,
enzo-linen-dress-charcoal,,,,,,,,,XL,,,,,DR-8725A-XL,1000,,100,deny,manual,349,1299,TRUE,TRUE,,https://cdn.shopify.com/s/files/1/0678/8415/5132/products/EditedArtboard3.jpg?v=1705822341,5,,,,,,,,,,,,,,,,,kg,,,,,,,,,
enzo-linen-dress-charcoal,,,,,,,,,XXL,,,,,DR-8725A-XXL,1000,,100,deny,manual,349,1299,TRUE,TRUE,,https://cdn.shopify.com/s/files/1/0678/8415/5132/products/EditedArtboard2.jpg?v=1705822341,6,,,,,,,,,,,,,,,,,kg,,,,,,,,,
nia-stripe-linen-dress-ivory-dr-8608a,Nia Stripe Linen Dress - Ivory,<p>A perennial boat neck dress with intricate hand pintucking on yarn-dyed handwoven linen with multicoloured &amp; metallic zari stripes placed asymmetrically. The Nia dress is finished with running stitches along the neckline and hand-made fabric covered buttons with hand embroidered details in pop coloured threads.</p>,SALE IS LIVE ,,Dresses,Copy AI,TRUE,Size,XS,Add Slip,No Slip,,,DR-8608A-XS,1000,,100,deny,manual,349,1299,TRUE,TRUE,,https://cdn.shopify.com/s/files/1/0678/8415/5132/products/nia-front.jpg?v=1705822326,1,,FALSE,,,,,,,,,,,,,,,kg,,,TRUE,,,TRUE,,,active
nia-stripe-linen-dress-ivory-dr-8608a,,,,,,,,,XS,,Add Slip + INR 1600,,,,1000,,100,deny,manual,349,1299,TRUE,TRUE,,https://cdn.shopify.com/s/files/1/0678/8415/5132/products/Manan5662.jpg?v=1705822326,2,,,,,,,,,,,,,,,,,kg,,,,,,,,,
nia-stripe-linen-dress-ivory-dr-8608a,,,,,,,,,S,,No Slip,,,DR-8608A-S,1000,,100,deny,manual,349,1299,TRUE,TRUE,,https://cdn.shopify.com/s/files/1/0678/8415/5132/products/Manan5648.jpg?v=1705822326,3,,,,,,,,,,,,,,,,,kg,,,,,,,,,
nia-stripe-linen-dress-ivory-dr-8608a,,,,,,,,,S,,Add Slip + INR 1600,,,,1000,,100,deny,manual,349,1299,TRUE,TRUE,,https://cdn.shopify.com/s/files/1/0678/8415/5132/products/Manan5649.jpg?v=1705822326,4,,,,,,,,,,,,,,,,,kg,,,,,,,,,
nia-stripe-linen-dress-ivory-dr-8608a,,,,,,,,,M,,No Slip,,,DR-8608A-M,1000,,100,deny,manual,349,1299,TRUE,TRUE,,https://cdn.shopify.com/s/files/1/0678/8415/5132/products/Manan5653.jpg?v=1705822326,5,,,,,,,,,,,,,,,,,kg,,,,,,,,,
nia-stripe-linen-dress-ivory-dr-8608a,,,,,,,,,M,,Add Slip + INR 1600,,,,1000,,100,deny,manual,349,1299,TRUE,TRUE,,https://cdn.shopify.com/s/files/1/0678/8415/5132/products/Manan5658.jpg?v=1705822326,6,,,,,,,,,,,,,,,,,kg,,,,,,,,,
nia-stripe-linen-dress-ivory-dr-8608a,,,,,,,,,L,,No Slip,,,DR-8608A-L,1000,,100,deny,manual,349,1299,TRUE,TRUE,,https://cdn.shopify.com/s/files/1/0678/8415/5132/products/Manan5664.jpg?v=1705822326,7,,,,,,,,,,,,,,,,,kg,,,,,,,,,
nia-stripe-linen-dress-ivory-dr-8608a,,,,,,,,,L,,Add Slip + INR 1600,,,,1000,,100,deny,manual,349,1299,TRUE,TRUE,,https://cdn.shopify.com/s/files/1/0678/8415/5132/products/Manan5660.jpg?v=1705822326,8,,,,,,,,,,,,,,,,,kg,,,,,,,,,
nia-stripe-linen-dress-ivory-dr-8608a,,,,,,,,,XL,,No Slip,,,DR-8608A-XL,1000,,100,deny,manual,349,1299,TRUE,TRUE,,https://cdn.shopify.com/s/files/1/0678/8415/5132/products/front-1.jpg?v=1705822326,9,,,,,,,,,,,,,,,,,kg,,,,,,,,,
nia-stripe-linen-dress-ivory-dr-8608a,,,,,,,,,XL,,Add Slip + INR 1600,,,,1000,,100,deny,manual,349,1299,TRUE,TRUE,,,,,,,,,,,,,,,,,,,,kg,,,,,,,,,
nia-stripe-linen-dress-ivory-dr-8608a,,,,,,,,,XXL,,No Slip,,,DR-8608A-XXL,1000,,100,deny,manual,349,1299,TRUE,TRUE,,,,,,,,,,,,,,,,,,,,kg,,,,,,,,,
nia-stripe-linen-dress-ivory-dr-8608a,,,,,,,,,XXL,,Add Slip + INR 1600,,,,1000,,100,deny,manual,349,1299,TRUE,TRUE,,,,,,,,,,,,,,,,,,,,kg,,,,,,,,,
sue-embroidered-jamdani-linen-dress-dr-8100a,Sue Embroidered Jamdani Linen Dress,"<p>A boat-neck dress with a front slit, 3/4th sleeves and intricate hand-embroidered multicoloured beadwork on our soft handloom jamdani linen weave with a multi-coloured border on the hem and sleeves. The Jamdani motifs are made in multiple colours with zari yarn and the handloom fabric is woven in shades of natural, ivory and blush.</p>",SALE IS LIVE ,,Dresses,Copy AI,TRUE,Top Size,XS,Add Slip,No Slip,,,DR-8100A-XS,1000,,100,deny,manual,349,1299,TRUE,TRUE,,https://cdn.shopify.com/s/files/1/0678/8415/5132/products/mahima7065.jpg?v=1705822300,1,,FALSE,,,,,,,,,,,,,,,kg,,,TRUE,,,TRUE,,,active
sue-embroidered-jamdani-linen-dress-dr-8100a,,,,,,,,,XS,,Add Slip + INR 1600,,,,1000,,100,deny,manual,349,1299,TRUE,TRUE,,https://cdn.shopify.com/s/files/1/0678/8415/5132/products/1_814cbaac-78c2-4b5f-a250-0ccd8f798b10.jpg?v=1705822300,2,,,,,,,,,,,,,,,,,kg,,,,,,,,,
sue-embroidered-jamdani-linen-dress-dr-8100a,,,,,,,,,S,,No Slip,,,DR-8100A-S,1000,,100,deny,manual,349,1299,TRUE,TRUE,,https://cdn.shopify.com/s/files/1/0678/8415/5132/products/Untitled-1Artboard9.jpg?v=1705822300,3,,,,,,,,,,,,,,,,,kg,,,,,,,,,
sue-embroidered-jamdani-linen-dress-dr-8100a,,,,,,,,,S,,Add Slip + INR 1600,,,,1000,,100,deny,manual,349,1299,TRUE,TRUE,,https://cdn.shopify.com/s/files/1/0678/8415/5132/products/mahima7063.jpg?v=1705822300,4,,,,,,,,,,,,,,,,,kg,,,,,,,,,
sue-embroidered-jamdani-linen-dress-dr-8100a,,,,,,,,,M,,No Slip,,,DR-8100A-M,1000,,100,deny,manual,349,1299,TRUE,TRUE,,https://cdn.shopify.com/s/files/1/0678/8415/5132/products/2_032ac000-d9c7-4399-ac50-87648f519b47.jpg?v=1705822300,5,,,,,,,,,,,,,,,,,kg,,,,,,,,,
sue-embroidered-jamdani-linen-dress-dr-8100a,,,,,,,,,M,,Add Slip + INR 1600,,,,1000,,100,deny,manual,349,1299,TRUE,TRUE,,https://cdn.shopify.com/s/files/1/0678/8415/5132/products/mahima7069.jpg?v=1705822300,6,,,,,,,,,,,,,,,,,kg,,,,,,,,,
sue-embroidered-jamdani-linen-dress-dr-8100a,,,,,,,,,L,,No Slip,,,DR-8100A-L,1000,,100,deny,manual,349,1299,TRUE,TRUE,,https://cdn.shopify.com/s/files/1/0678/8415/5132/products/close-upsartboard_2.jpg?v=1705822300,7,,,,,,,,,,,,,,,,,kg,,,,,,,,,
sue-embroidered-jamdani-linen-dress-dr-8100a,,,,,,,,,L,,Add Slip + INR 1600,,,,1000,,100,deny,manual,349,1299,TRUE,TRUE,,,,,,,,,,,,,,,,,,,,kg,,,,,,,,,
sue-embroidered-jamdani-linen-dress-dr-8100a,,,,,,,,,XL,,No Slip,,,DR-8100A-XL,1000,,100,deny,manual,349,1299,TRUE,TRUE,,,,,,,,,,,,,,,,,,,,kg,,,,,,,,,
sue-embroidered-jamdani-linen-dress-dr-8100a,,,,,,,,,XL,,Add Slip + INR 1600,,,,1000,,100,deny,manual,349,1299,TRUE,TRUE,,,,,,,,,,,,,,,,,,,,kg,,,,,,,,,
sue-embroidered-jamdani-linen-dress-dr-8100a,,,,,,,,,XXL,,No Slip,,,DR-8100A-XXL,1000,,100,deny,manual,349,1299,TRUE,TRUE,,,,,,,,,,,,,,,,,,,,kg,,,,,,,,,
sue-embroidered-jamdani-linen-dress-dr-8100a,,,,,,,,,XXL,,Add Slip + INR 1600,,,,1000,,100,deny,manual,349,1299,TRUE,TRUE,,,,,,,,,,,,,,,,,,,,kg,,,,,,,,,
ikis-color-blocked-linen-shift-dress-rose-dr-8705b,Ikis Color-Blocked Linen Shift Dress - Rose,"<p>A short shift dress with a boat neck in a vertical paneled color-block style in soft pure linen - pairs beautifully with sneakers, flats or heels.</p>",SALE IS LIVE ,,Dresses,Copy AI,TRUE,Size,XS,,,,,DR-8705B-XS,1000,,100,deny,manual,349,1299,TRUE,TRUE,,https://cdn.shopify.com/s/files/1/0678/8415/5132/products/5_3a8e2cec-8740-486b-95c6-516b004be741.jpg?v=1705822286,1,,FALSE,,,,,,,,,,,,,,,kg,,,TRUE,,,TRUE,,,active
ikis-color-blocked-linen-shift-dress-rose-dr-8705b,,,,,,,,,S,,,,,DR-8705B-S,1000,,100,deny,manual,349,1299,TRUE,TRUE,,https://cdn.shopify.com/s/files/1/0678/8415/5132/products/1.jpg?v=1705822286,2,,,,,,,,,,,,,,,,,kg,,,,,,,,,
ikis-color-blocked-linen-shift-dress-rose-dr-8705b,,,,,,,,,M,,,,,DR-8705B-M,1000,,100,deny,manual,349,1299,TRUE,TRUE,,https://cdn.shopify.com/s/files/1/0678/8415/5132/products/2_51ff3e4a-f4e6-47e0-bdde-a9e1d703ca77.jpg?v=1705822286,3,,,,,,,,,,,,,,,,,kg,,,,,,,,,
ikis-color-blocked-linen-shift-dress-rose-dr-8705b,,,,,,,,,L,,,,,DR-8705B-L,1000,,100,deny,manual,349,1299,TRUE,TRUE,,https://cdn.shopify.com/s/files/1/0678/8415/5132/products/3_4c53fbd8-ea6b-4139-a690-8f1cd41dc81c.jpg?v=1705822286,4,,,,,,,,,,,,,,,,,kg,,,,,,,,,
ikis-color-blocked-linen-shift-dress-rose-dr-8705b,,,,,,,,,XL,,,,,DR-8705B-XL,1000,,100,deny,manual,349,1299,TRUE,TRUE,,https://cdn.shopify.com/s/files/1/0678/8415/5132/products/4_5d0201d6-c16b-4894-b6e2-fbf34e06d4c7.jpg?v=1705822286,5,,,,,,,,,,,,,,,,,kg,,,,,,,,,
ikis-color-blocked-linen-shift-dress-rose-dr-8705b,,,,,,,,,XXL,,,,,DR-8705B-XXL,1000,,100,deny,manual,349,1299,TRUE,TRUE,,,,,,,,,,,,,,,,,,,,kg,,,,,,,,,
kari-linen-dress-ash-dr-8607c,Kari Linen Dress - Ash,<p>A full sleeve above-the-knee length dress with a buttoned placket handcrafted in our handwoven linen with woven multicoloured and metallic zari stripes placed asymmetrically. The Kari Dress is finished with intricate hand-done running stitches along the neckline and fabric covered buttons with hand-embroidered accents.</p>,SALE IS LIVE ,,Dresses,Copy AI,TRUE,Size,XS,,,,,DR-8607C-XS,1000,,100,deny,manual,349,1299,TRUE,TRUE,,https://cdn.shopify.com/s/files/1/0678/8415/5132/products/Manan6167.jpg?v=1705822273,1,,FALSE,,,,,,,,,,,,,,,kg,,,TRUE,,,TRUE,,,active
kari-linen-dress-ash-dr-8607c,,,,,,,,,S,,,,,DR-8607C-S,1000,,100,deny,manual,349,1299,TRUE,TRUE,,https://cdn.shopify.com/s/files/1/0678/8415/5132/products/Manan6126.jpg?v=1705822273,2,,,,,,,,,,,,,,,,,kg,,,,,,,,,
kari-linen-dress-ash-dr-8607c,,,,,,,,,M,,,,,DR-8607C-M,1000,,100,deny,manual,349,1299,TRUE,TRUE,,https://cdn.shopify.com/s/files/1/0678/8415/5132/products/Manan6154.jpg?v=1705822273,3,,,,,,,,,,,,,,,,,kg,,,,,,,,,
kari-linen-dress-ash-dr-8607c,,,,,,,,,L,,,,,DR-8607C-L,1000,,100,deny,manual,349,1299,TRUE,TRUE,,https://cdn.shopify.com/s/files/1/0678/8415/5132/products/Manan6149.jpg?v=1705822273,4,,,,,,,,,,,,,,,,,kg,,,,,,,,,
kari-linen-dress-ash-dr-8607c,,,,,,,,,XL,,,,,DR-8607C-XL,1000,,100,deny,manual,349,1299,TRUE,TRUE,,https://cdn.shopify.com/s/files/1/0678/8415/5132/products/Manan6127.jpg?v=1705822273,5,,,,,,,,,,,,,,,,,kg,,,,,,,,,
kari-linen-dress-ash-dr-8607c,,,,,,,,,XXL,,,,,DR-8607C-XXL,1000,,100,deny,manual,349,1299,TRUE,TRUE,,https://cdn.shopify.com/s/files/1/0678/8415/5132/products/kari-back.jpg?v=1705822273,6,,,,,,,,,,,,,,,,,kg,,,,,,,,,
kari-linen-dress-ash-dr-8607c,,,,,,,,,,,,,,,,,,,,,,,,,https://cdn.shopify.com/s/files/1/0678/8415/5132/products/Manan6130.jpg?v=1705822273,7,,,,,,,,,,,,,,,,,,,,,,,,,,
kari-linen-dress-ash-dr-8607c,,,,,,,,,,,,,,,,,,,,,,,,,https://cdn.shopify.com/s/files/1/0678/8415/5132/products/Manan6146.jpg?v=1705822273,8,,,,,,,,,,,,,,,,,,,,,,,,,,
kari-linen-dress-ash-dr-8607c,,,,,,,,,,,,,,,,,,,,,,,,,https://cdn.shopify.com/s/files/1/0678/8415/5132/products/Manan6162.jpg?v=1705822273,9,,,,,,,,,,,,,,,,,,,,,,,,,,
kari-linen-dress-ash-dr-8607c,,,,,,,,,,,,,,,,,,,,,,,,,https://cdn.shopify.com/s/files/1/0678/8415/5132/products/Manan6165.jpg?v=1705822273,10,,,,,,,,,,,,,,,,,,,,,,,,,,
maya-linen-wrap-dress-rose-dr-8710b,Maya Linen Wrap Dress - Rose,"<p>Our favourite, most versatile sleeveless wrap dress in soft pure linen - layer it with a jacket or wear it with our statement earrings for the perfect look.</p>",SALE IS LIVE ,,Dresses,Copy AI,TRUE,Size,XS,,,,,DR-8710B-XS,1000,,100,deny,manual,349,1299,TRUE,TRUE,,https://cdn.shopify.com/s/files/1/0678/8415/5132/products/28_41c9aa5d-c471-4c97-b064-712a14044f9b.jpg?v=1705822242,1,,FALSE,,,,,,,,,,,,,,,kg,,,TRUE,,,TRUE,,,active
maya-linen-wrap-dress-rose-dr-8710b,,,,,,,,,S,,,,,DR-8710B-S,1000,,100,deny,manual,349,1299,TRUE,TRUE,,https://cdn.shopify.com/s/files/1/0678/8415/5132/products/27_96671fc8-6366-47ed-8289-dc8f250fbce6.jpg?v=1705822242,2,,,,,,,,,,,,,,,,,kg,,,,,,,,,
maya-linen-wrap-dress-rose-dr-8710b,,,,,,,,,M,,,,,DR-8710B-M,1000,,100,deny,manual,349,1299,TRUE,TRUE,,https://cdn.shopify.com/s/files/1/0678/8415/5132/products/26_e645658b-e679-4614-85ab-7de475a03c9e.jpg?v=1705822242,3,,,,,,,,,,,,,,,,,kg,,,,,,,,,
maya-linen-wrap-dress-rose-dr-8710b,,,,,,,,,L,,,,,DR-8710B-L,1000,,100,deny,manual,349,1299,TRUE,TRUE,,https://cdn.shopify.com/s/files/1/0678/8415/5132/products/29_712672f8-6268-4dd0-bde9-ca441c4556e1.jpg?v=1705822242,4,,,,,,,,,,,,,,,,,kg,,,,,,,,,
maya-linen-wrap-dress-rose-dr-8710b,,,,,,,,,XL,,,,,DR-8710B-XL,1000,,100,deny,manual,349,1299,TRUE,TRUE,,https://cdn.shopify.com/s/files/1/0678/8415/5132/products/30_7626b51a-73d4-4075-a8e4-1bffbe246a42.jpg?v=1705822242,5,,,,,,,,,,,,,,,,,kg,,,,,,,,,
maya-linen-wrap-dress-rose-dr-8710b,,,,,,,,,XXL,,,,,DR-8710B-XXL,1000,,100,deny,manual,349,1299,TRUE,TRUE,,,,,,,,,,,,,,,,,,,,kg,,,,,,,,,
anahi-color-blocked-linen-jumpsuit-charcoal-kt-8700a,Anahi Color-Blocked Linen Jumpsuit - Charcoal,"<p>A color-block jumpsuit in the softest pure linen in 3 colours with elbow length sleeves, pockets, a slit neck opening with a zipper at the back</p>",SALE IS LIVE ,,Dresses,Copy AI,TRUE,Size,XS,,,,,KT-8700A-XS,1000,,100,deny,manual,349,1299,TRUE,TRUE,,https://cdn.shopify.com/s/files/1/0678/8415/5132/products/60.jpg?v=1705822227,1,,FALSE,,,,,,,,,,,,,,,kg,,,TRUE,,,TRUE,,,active
anahi-color-blocked-linen-jumpsuit-charcoal-kt-8700a,,,,,,,,,S,,,,,KT-8700A-S,1000,,100,deny,manual,349,1299,TRUE,TRUE,,https://cdn.shopify.com/s/files/1/0678/8415/5132/products/56.jpg?v=1705822227,2,,,,,,,,,,,,,,,,,kg,,,,,,,,,
anahi-color-blocked-linen-jumpsuit-charcoal-kt-8700a,,,,,,,,,M,,,,,KT-8700A-M,1000,,100,deny,manual,349,1299,TRUE,TRUE,,https://cdn.shopify.com/s/files/1/0678/8415/5132/products/59.jpg?v=1705822227,3,,,,,,,,,,,,,,,,,kg,,,,,,,,,
anahi-color-blocked-linen-jumpsuit-charcoal-kt-8700a,,,,,,,,,L,,,,,KT-8700A-L,1000,,100,deny,manual,349,1299,TRUE,TRUE,,https://cdn.shopify.com/s/files/1/0678/8415/5132/products/57.jpg?v=1705822227,4,,,,,,,,,,,,,,,,,kg,,,,,,,,,
anahi-color-blocked-linen-jumpsuit-charcoal-kt-8700a,,,,,,,,,XL,,,,,KT-8700A-XL,1000,,100,deny,manual,349,1299,TRUE,TRUE,,https://cdn.shopify.com/s/files/1/0678/8415/5132/products/58.jpg?v=1705822227,5,,,,,,,,,,,,,,,,,kg,,,,,,,,,
anahi-color-blocked-linen-jumpsuit-charcoal-kt-8700a,,,,,,,,,XXL,,,,,KT-8700A-XXL,1000,,100,deny,manual,349,1299,TRUE,TRUE,,,,,,,,,,,,,,,,,,,,kg,,,,,,,,,
adelina-color-blocked-linen-dress-rose-dr-8702b,Adelina Color-Blocked Linen Dress - Rose,"<p>Timeless dress with pockets, short bell sleeves handcrafted by color-blocking soft linens in three colours.</p>",SALE IS LIVE ,,Dresses,Copy AI,TRUE,Size,XS,,,,,DR-8702B-XS,1000,,100,deny,manual,349,1299,TRUE,TRUE,,https://cdn.shopify.com/s/files/1/0678/8415/5132/products/44_ec949a97-111d-4395-818c-aff8d1a2bd1b.jpg?v=1705822213,1,,FALSE,,,,,,,,,,,,,,,kg,,,TRUE,,,TRUE,,,active
adelina-color-blocked-linen-dress-rose-dr-8702b,,,,,,,,,S,,,,,DR-8702B-S,1000,,100,deny,manual,349,1299,TRUE,TRUE,,https://cdn.shopify.com/s/files/1/0678/8415/5132/products/42_3c25e84d-baaa-4550-90b1-5d615acf50f7.jpg?v=1705822213,2,,,,,,,,,,,,,,,,,kg,,,,,,,,,
adelina-color-blocked-linen-dress-rose-dr-8702b,,,,,,,,,M,,,,,DR-8702B-M,1000,,100,deny,manual,349,1299,TRUE,TRUE,,https://cdn.shopify.com/s/files/1/0678/8415/5132/products/43_35288367-4c02-4558-ae9d-6d4a69448d57.jpg?v=1705822213,3,,,,,,,,,,,,,,,,,kg,,,,,,,,,
adelina-color-blocked-linen-dress-rose-dr-8702b,,,,,,,,,L,,,,,DR-8702B-L,1000,,100,deny,manual,349,1299,TRUE,TRUE,,https://cdn.shopify.com/s/files/1/0678/8415/5132/products/41_26f9051c-7605-4622-bdce-5f6a7fecde6e.jpg?v=1705822213,4,,,,,,,,,,,,,,,,,kg,,,,,,,,,
adelina-color-blocked-linen-dress-rose-dr-8702b,,,,,,,,,XL,,,,,DR-8702B-XL,1000,,100,deny,manual,349,1299,TRUE,TRUE,,https://cdn.shopify.com/s/files/1/0678/8415/5132/products/45_becd72f0-3d5b-4395-a5f4-f823b2cd1841.jpg?v=1705822213,5,,,,,,,,,,,,,,,,,kg,,,,,,,,,
adelina-color-blocked-linen-dress-rose-dr-8702b,,,,,,,,,XXL,,,,,DR-8702B-XXL,1000,,100,deny,manual,349,1299,TRUE,TRUE,,,,,,,,,,,,,,,,,,,,kg,,,,,,,,,
maya-linen-dress-with-jacket-charcoal-cs-8710a,Maya Linen Dress with Jacket - Charcoal,"<p>Dress - Our favourite, most versatile sleeveless wrap dress in soft pure linen - layer it with a jacket or wear it with our statement earrings for the perfect look. <br>Jacket - An over-sized boyfriend style blazer with pockets in soft pure linen.</p>",SALE IS LIVE ,,Co-ord Sets,Copy AI,TRUE,Top Size,XS,Jacket Size,S/M,,,CS-8710A-XS-S/M,1000,,100,deny,manual,349,1299,TRUE,TRUE,,https://cdn.shopify.com/s/files/1/0678/8415/5132/products/130.jpg?v=1705822200,1,,FALSE,,,,,,,,,,,,,,,kg,,,TRUE,,,TRUE,,,active
maya-linen-dress-with-jacket-charcoal-cs-8710a,,,,,,,,,XS,,L/XL,,,CS-8710A-XS-L/XL,1000,,100,deny,manual,349,1299,TRUE,TRUE,,https://cdn.shopify.com/s/files/1/0678/8415/5132/products/40_7d87e4b0-be47-433d-a39f-fc67efa9a464.jpg?v=1705822200,2,,,,,,,,,,,,,,,,,kg,,,,,,,,,
maya-linen-dress-with-jacket-charcoal-cs-8710a,,,,,,,,,S,,S/M,,,CS-8710A-S-S/M,1000,,100,deny,manual,349,1299,TRUE,TRUE,,https://cdn.shopify.com/s/files/1/0678/8415/5132/products/126.jpg?v=1705822200,3,,,,,,,,,,,,,,,,,kg,,,,,,,,,
maya-linen-dress-with-jacket-charcoal-cs-8710a,,,,,,,,,S,,L/XL,,,CS-8710A-S-L/XL,1000,,100,deny,manual,349,1299,TRUE,TRUE,,https://cdn.shopify.com/s/files/1/0678/8415/5132/products/127.jpg?v=1705822200,4,,,,,,,,,,,,,,,,,kg,,,,,,,,,
maya-linen-dress-with-jacket-charcoal-cs-8710a,,,,,,,,,M,,S/M,,,CS-8710A-M-S/M,1000,,100,deny,manual,349,1299,TRUE,TRUE,,https://cdn.shopify.com/s/files/1/0678/8415/5132/products/128.jpg?v=1705822200,5,,,,,,,,,,,,,,,,,kg,,,,,,,,,
maya-linen-dress-with-jacket-charcoal-cs-8710a,,,,,,,,,M,,L/XL,,,CS-8710A-M-L/XL,1000,,100,deny,manual,349,1299,TRUE,TRUE,,https://cdn.shopify.com/s/files/1/0678/8415/5132/products/129.jpg?v=1705822200,6,,,,,,,,,,,,,,,,,kg,,,,,,,,,
maya-linen-dress-with-jacket-charcoal-cs-8710a,,,,,,,,,L,,S/M,,,CS-8710A-L-S/M,1000,,100,deny,manual,349,1299,TRUE,TRUE,,https://cdn.shopify.com/s/files/1/0678/8415/5132/products/12_c338e32b-79ae-4f77-ba05-d2981b227ba4.jpg?v=1705822200,7,,,,,,,,,,,,,,,,,kg,,,,,,,,,
maya-linen-dress-with-jacket-charcoal-cs-8710a,,,,,,,,,L,,L/XL,,,CS-8710A-L-L/XL,1000,,100,deny,manual,349,1299,TRUE,TRUE,,https://cdn.shopify.com/s/files/1/0678/8415/5132/products/37_2dc5bac7-ba72-4978-9ef0-8691bca250af.jpg?v=1705822200,8,,,,,,,,,,,,,,,,,kg,,,,,,,,,
maya-linen-dress-with-jacket-charcoal-cs-8710a,,,,,,,,,XL,,S/M,,,CS-8710A-XL-S/M,1000,,100,deny,manual,349,1299,TRUE,TRUE,,,,,,,,,,,,,,,,,,,,kg,,,,,,,,,
maya-linen-dress-with-jacket-charcoal-cs-8710a,,,,,,,,,XL,,L/XL,,,CS-8710A-XL-L/XL,1000,,100,deny,manual,349,1299,TRUE,TRUE,,,,,,,,,,,,,,,,,,,,kg,,,,,,,,,
maya-linen-dress-with-jacket-charcoal-cs-8710a,,,,,,,,,XXL,,S/M,,,CS-8710A-XXL-S/M,1000,,100,deny,manual,349,1299,TRUE,TRUE,,,,,,,,,,,,,,,,,,,,kg,,,,,,,,,
maya-linen-dress-with-jacket-charcoal-cs-8710a,,,,,,,,,XXL,,L/XL,,,CS-8710A-XXL-L/XL,1000,,100,deny,manual,349,1299,TRUE,TRUE,,,,,,,,,,,,,,,,,,,,kg,,,,,,,,,
misaki-botanical-linen-dress-fern,Misaki Botanical Linen Dress - Fern,"<p>Soft botanical printed handloom linen dress with boat neck, pockets, subtle gathers at the waist and 3/4th sleeves finished with self-woven pop-colored selvedge at the hem and sleeves. Perfect for an outdoor summer activity or a relaxed evening look.</p>",SALE IS LIVE ,,Dresses,Copy AI,TRUE,Size,XS,,,,,DR-8623B-XS,1000,,100,deny,manual,349,1299,TRUE,TRUE,,https://cdn.shopify.com/s/files/1/0678/8415/5132/products/EditedArtboard36.jpg?v=1705822178,1,,FALSE,,,,,,,,,,,,,,,kg,,,TRUE,,,TRUE,,,active
misaki-botanical-linen-dress-fern,,,,,,,,,S,,,,,DR-8623B-S,1000,,100,deny,manual,349,1299,TRUE,TRUE,,https://cdn.shopify.com/s/files/1/0678/8415/5132/products/EditedArtboard35.jpg?v=1705822178,2,,,,,,,,,,,,,,,,,kg,,,,,,,,,
misaki-botanical-linen-dress-fern,,,,,,,,,M,,,,,DR-8623B-M,1000,,100,deny,manual,349,1299,TRUE,TRUE,,https://cdn.shopify.com/s/files/1/0678/8415/5132/products/EditedArtboard37.jpg?v=1705822178,3,,,,,,,,,,,,,,,,,kg,,,,,,,,,
misaki-botanical-linen-dress-fern,,,,,,,,,L,,,,,DR-8623B-L,1000,,100,deny,manual,349,1299,TRUE,TRUE,,https://cdn.shopify.com/s/files/1/0678/8415/5132/products/EditedArtboard38.jpg?v=1705822178,4,,,,,,,,,,,,,,,,,kg,,,,,,,,,
misaki-botanical-linen-dress-fern,,,,,,,,,XL,,,,,DR-8623B-XL,1000,,100,deny,manual,349,1299,TRUE,TRUE,,https://cdn.shopify.com/s/files/1/0678/8415/5132/products/EditedArtboard34.jpg?v=1705822178,5,,,,,,,,,,,,,,,,,kg,,,,,,,,,
misaki-botanical-linen-dress-fern,,,,,,,,,XXL,,,,,DR-8623B-XXL,1000,,100,deny,manual,349,1299,TRUE,TRUE,,https://cdn.shopify.com/s/files/1/0678/8415/5132/products/EditedArtboard39.jpg?v=1705822178,6,,,,,,,,,,,,,,,,,kg,,,,,,,,,
niza-linen-dress-off-white-dr-8725c,Niza Linen Dress - Off White,"<style type=""text/css""><!--
td {border: 1px solid #cccccc;}br {mso-data-placement:same-cell;}
--></style>
<p><span data-sheets-userformat='{""2"":14845,""3"":{""1"":0,""3"":1},""5"":{""1"":[{""1"":2,""2"":0,""5"":{""1"":2,""2"":0}},{""1"":0,""2"":0,""3"":3},{""1"":1,""2"":0,""4"":1}]},""6"":{""1"":[{""1"":2,""2"":0,""5"":{""1"":2,""2"":0}},{""1"":0,""2"":0,""3"":3},{""1"":1,""2"":0,""4"":1}]},""7"":{""1"":[{""1"":2,""2"":0,""5"":{""1"":2,""2"":0}},{""1"":0,""2"":0,""3"":3},{""1"":1,""2"":0,""4"":1}]},""8"":{""1"":[{""1"":2,""2"":0,""5"":{""1"":2,""2"":0}},{""1"":0,""2"":0,""3"":3},{""1"":1,""2"":0,""4"":1}]},""9"":1,""10"":1,""11"":4,""14"":{""1"":3,""3"":1},""15"":""Calibri"",""16"":11}' data-sheets-value='{""1"":2,""2"":""A color-blocked style ankle-length bias cut sleeveless dress in the softest pure linen with a keyhole detail at the back.""}'>A color-blocked style ankle-length bias cut sleeveless dress in the softest pure linen with a keyhole detail at the back.</span><br></p>",SALE IS LIVE ,,Dresses,Copy AI,TRUE,Size,XS,,,,,DR-8725C,1000,,100,deny,manual,349,1299,TRUE,TRUE,,https://cdn.shopify.com/s/files/1/0678/8415/5132/products/5_fb356c3f-bb6f-4bd7-9bc3-1303048dad3e.jpg?v=1705822161,1,,FALSE,,,,,,,,,,,,,,,kg,,,TRUE,,,TRUE,,,active
niza-linen-dress-off-white-dr-8725c,,,,,,,,,S,,,,,DR-8725C,1000,,100,deny,manual,349,1299,TRUE,TRUE,,https://cdn.shopify.com/s/files/1/0678/8415/5132/products/9_e2be782a-2661-4eb3-b6b7-2e378ab075c2.jpg?v=1705822161,2,,,,,,,,,,,,,,,,,kg,,,,,,,,,
niza-linen-dress-off-white-dr-8725c,,,,,,,,,M,,,,,DR-8725C,1000,,100,deny,manual,349,1299,TRUE,TRUE,,https://cdn.shopify.com/s/files/1/0678/8415/5132/products/MissingImages_8.jpg?v=1705822161,3,,,,,,,,,,,,,,,,,kg,,,,,,,,,
niza-linen-dress-off-white-dr-8725c,,,,,,,,,L,,,,,DR-8725C,1000,,100,deny,manual,349,1299,TRUE,TRUE,,https://cdn.shopify.com/s/files/1/0678/8415/5132/products/MissingImages_10.jpg?v=1705822161,4,,,,,,,,,,,,,,,,,kg,,,,,,,,,
niza-linen-dress-off-white-dr-8725c,,,,,,,,,XL,,,,,DR-8725C,1000,,100,deny,manual,349,1299,TRUE,TRUE,,https://cdn.shopify.com/s/files/1/0678/8415/5132/products/MissingImages_9.jpg?v=1705822161,5,,,,,,,,,,,,,,,,,kg,,,,,,,,,
niza-linen-dress-off-white-dr-8725c,,,,,,,,,XXL,,,,,DR-8725C,1000,,100,deny,manual,349,1299,TRUE,TRUE,,https://cdn.shopify.com/s/files/1/0678/8415/5132/products/MissingImages_11.jpg?v=1705822161,6,,,,,,,,,,,,,,,,,kg,,,,,,,,,
lima-hand-embroidered-kaftan-byzantium-kt-8313a,Lima Hand-Embroidered Kaftan - Byzantium,<p>One of our favourites - An intricately hand-embroidered kaftan with beads and threadwork on the neck and hemline designed in our bespoke handloom linen with woven metallic yarn and contrast coloured yarn borders. The kaftan is finished with a contrast coloured detailing and can be worn with our without the meticulously hand-embroidered belt designed in handloom linne.</p>,SALE IS LIVE ,,Kaftan,Copy AI,TRUE,Top Size,Free Size,Add Belt,No Belt,,,KT-8313A-Free Size,1000,,100,deny,manual,349,1299,TRUE,TRUE,,https://cdn.shopify.com/s/files/1/0678/8415/5132/products/untitled_capture1680_e6ebc258-fb90-401a-9d17-c67975e45933.jpg?v=1705822145,1,,FALSE,,,,,,,,,,,,,,,kg,,,TRUE,,,TRUE,,,active
lima-hand-embroidered-kaftan-byzantium-kt-8313a,,,,,,,,,Free Size,,Add Belt + INR 4500,,,,1000,,100,deny,manual,349,1299,TRUE,TRUE,,https://cdn.shopify.com/s/files/1/0678/8415/5132/products/artboard_34_copy_4_1.png?v=1705822145,2,,,,,,,,,,,,,,,,,kg,,,,,,,,,
lima-hand-embroidered-kaftan-byzantium-kt-8313a,,,,,,,,,,,,,,,,,,,,,,,,,https://cdn.shopify.com/s/files/1/0678/8415/5132/products/untitled_capture1645.jpg?v=1705822145,3,,,,,,,,,,,,,,,,,,,,,,,,,,
lima-hand-embroidered-kaftan-byzantium-kt-8313a,,,,,,,,,,,,,,,,,,,,,,,,,https://cdn.shopify.com/s/files/1/0678/8415/5132/products/artboard_34_copy_5_2_1.png?v=1705822145,4,,,,,,,,,,,,,,,,,,,,,,,,,,
lima-hand-embroidered-kaftan-byzantium-kt-8313a,,,,,,,,,,,,,,,,,,,,,,,,,https://cdn.shopify.com/s/files/1/0678/8415/5132/products/untitled_capture1665.jpg?v=1705822145,5,,,,,,,,,,,,,,,,,,,,,,,,,,
lima-hand-embroidered-kaftan-byzantium-kt-8313a,,,,,,,,,,,,,,,,,,,,,,,,,https://cdn.shopify.com/s/files/1/0678/8415/5132/products/artboard_34_copy_7_1_1.png?v=1705822145,6,,,,,,,,,,,,,,,,,,,,,,,,,,
lima-hand-embroidered-kaftan-byzantium-kt-8313a,,,,,,,,,,,,,,,,,,,,,,,,,https://cdn.shopify.com/s/files/1/0678/8415/5132/products/artboard_34_copy_8_2.png?v=1705822145,7,,,,,,,,,,,,,,,,,,,,,,,,,,
lima-hand-embroidered-kaftan-byzantium-kt-8313a,,,,,,,,,,,,,,,,,,,,,,,,,https://cdn.shopify.com/s/files/1/0678/8415/5132/products/untitled_capture1657_b2ed1791-acae-458d-b232-bac69b720afe.jpg?v=1705822145,8,,,,,,,,,,,,,,,,,,,,,,,,,,
lima-hand-embroidered-kaftan-byzantium-kt-8313a,,,,,,,,,,,,,,,,,,,,,,,,,https://cdn.shopify.com/s/files/1/0678/8415/5132/products/untitled_capture1701.jpg?v=1705822145,9,,,,,,,,,,,,,,,,,,,,,,,,,,
lima-hand-embroidered-kaftan-byzantium-kt-8313a,,,,,,,,,,,,,,,,,,,,,,,,,https://cdn.shopify.com/s/files/1/0678/8415/5132/products/untitled_capture1671.jpg?v=1705822145,10,,,,,,,,,,,,,,,,,,,,,,,,,,
sakura-jamdani-dress-dr-8115a,Sakura Jamdani Dress,"<p>A timeless soft summer dress with a flattering low back, balloon full-sleeves in our handloom jamdani linen with natural and blush woven borders and intricaly handwoven metallic yarn jamdani motifs.</p>",SALE IS LIVE ,,Dresses,Copy AI,TRUE,Size,XS,Add Slip,No Slip,,,DR-8115A-XS,1000,,100,deny,manual,349,1299,TRUE,TRUE,,https://cdn.shopify.com/s/files/1/0678/8415/5132/products/untitled-2artboard_5.jpg?v=1705822119,1,,FALSE,,,,,,,,,,,,,,,kg,,,TRUE,,,TRUE,,,active
sakura-jamdani-dress-dr-8115a,,,,,,,,,XS,,Add Slip + INR 1600,,,,1000,,100,deny,manual,349,1299,TRUE,TRUE,,https://cdn.shopify.com/s/files/1/0678/8415/5132/products/mahima7541.jpg?v=1705822119,2,,,,,,,,,,,,,,,,,kg,,,,,,,,,
sakura-jamdani-dress-dr-8115a,,,,,,,,,S,,No Slip,,,DR-8115A-S,1000,,100,deny,manual,349,1299,TRUE,TRUE,,https://cdn.shopify.com/s/files/1/0678/8415/5132/products/mahima7527.jpg?v=1705822119,3,,,,,,,,,,,,,,,,,kg,,,,,,,,,
sakura-jamdani-dress-dr-8115a,,,,,,,,,S,,Add Slip + INR 1600,,,,1000,,100,deny,manual,349,1299,TRUE,TRUE,,https://cdn.shopify.com/s/files/1/0678/8415/5132/products/mahima7532.jpg?v=1705822119,4,,,,,,,,,,,,,,,,,kg,,,,,,,,,
sakura-jamdani-dress-dr-8115a,,,,,,,,,M,,No Slip,,,DR-8115A-M,1000,,100,deny,manual,349,1299,TRUE,TRUE,,https://cdn.shopify.com/s/files/1/0678/8415/5132/products/mahima7537.jpg?v=1705822119,5,,,,,,,,,,,,,,,,,kg,,,,,,,,,
sakura-jamdani-dress-dr-8115a,,,,,,,,,M,,Add Slip + INR 1600,,,,1000,,100,deny,manual,349,1299,TRUE,TRUE,,https://cdn.shopify.com/s/files/1/0678/8415/5132/products/close-upsartboard_31.jpg?v=1705822120,6,,,,,,,,,,,,,,,,,kg,,,,,,,,,
sakura-jamdani-dress-dr-8115a,,,,,,,,,L,,No Slip,,,DR-8115A-L,1000,,100,deny,manual,349,1299,TRUE,TRUE,,,,,,,,,,,,,,,,,,,,kg,,,,,,,,,
sakura-jamdani-dress-dr-8115a,,,,,,,,,L,,Add Slip + INR 1600,,,,1000,,100,deny,manual,349,1299,TRUE,TRUE,,,,,,,,,,,,,,,,,,,,kg,,,,,,,,,
sakura-jamdani-dress-dr-8115a,,,,,,,,,XL,,No Slip,,,DR-8115A-XL,1000,,100,deny,manual,349,1299,TRUE,TRUE,,,,,,,,,,,,,,,,,,,,kg,,,,,,,,,
sakura-jamdani-dress-dr-8115a,,,,,,,,,XL,,Add Slip + INR 1600,,,,1000,,100,deny,manual,349,1299,TRUE,TRUE,,,,,,,,,,,,,,,,,,,,kg,,,,,,,,,
sakura-jamdani-dress-dr-8115a,,,,,,,,,XXL,,No Slip,,,DR-8115A-XXL,1000,,100,deny,manual,349,1299,TRUE,TRUE,,,,,,,,,,,,,,,,,,,,kg,,,,,,,,,
sakura-jamdani-dress-dr-8115a,,,,,,,,,XXL,,Add Slip + INR 1600,,,,1000,,100,deny,manual,349,1299,TRUE,TRUE,,,,,,,,,,,,,,,,,,,,kg,,,,,,,,,
lima-hand-embroidered-kaftan-terra-kt-8313b,Lima Hand-Embroidered Kaftan - Terra,<p>One of our favourites - An intricately hand-embroidered kaftan with beads and threadwork on the neck and hemline designed in our bespoke handloom linen with woven metallic yarn and contrast coloured yarn borders. The kaftan is finished with a contrast coloured detailing and can be worn with our without the meticulously hand-embroidered belt designed in handloom linne.</p>,SALE IS LIVE ,,Kaftan,Copy AI,TRUE,Top Size,Free Size,Add Belt,No Belt,,,KT-8313B-Free Size,1000,,100,deny,manual,349,1299,TRUE,TRUE,,https://cdn.shopify.com/s/files/1/0678/8415/5132/products/untitled_capture1754-1.jpg?v=1705822110,1,,FALSE,,,,,,,,,,,,,,,kg,,,TRUE,,,TRUE,,,active
lima-hand-embroidered-kaftan-terra-kt-8313b,,,,,,,,,Free Size,,Add Belt + INR 4500,,,,1000,,100,deny,manual,349,1299,TRUE,TRUE,,https://cdn.shopify.com/s/files/1/0678/8415/5132/products/untitled_capture1749-1.jpg?v=1705822110,2,,,,,,,,,,,,,,,,,kg,,,,,,,,,
lima-hand-embroidered-kaftan-terra-kt-8313b,,,,,,,,,,,,,,,,,,,,,,,,,https://cdn.shopify.com/s/files/1/0678/8415/5132/products/untitled_capture1707-1.jpg?v=1705822110,3,,,,,,,,,,,,,,,,,,,,,,,,,,
lima-hand-embroidered-kaftan-terra-kt-8313b,,,,,,,,,,,,,,,,,,,,,,,,,https://cdn.shopify.com/s/files/1/0678/8415/5132/products/artboard_34_copy_6_1-1.png?v=1705822110,4,,,,,,,,,,,,,,,,,,,,,,,,,,
lima-hand-embroidered-kaftan-terra-kt-8313b,,,,,,,,,,,,,,,,,,,,,,,,,https://cdn.shopify.com/s/files/1/0678/8415/5132/products/artboard_34_copy_7_1-1.png?v=1705822110,5,,,,,,,,,,,,,,,,,,,,,,,,,,
lima-hand-embroidered-kaftan-terra-kt-8313b,,,,,,,,,,,,,,,,,,,,,,,,,https://cdn.shopify.com/s/files/1/0678/8415/5132/products/untitled_capture1741-1.jpg?v=1705822110,6,,,,,,,,,,,,,,,,,,,,,,,,,,
lima-hand-embroidered-kaftan-terra-kt-8313b,,,,,,,,,,,,,,,,,,,,,,,,,https://cdn.shopify.com/s/files/1/0678/8415/5132/products/untitled_capture1705-1.jpg?v=1705822110,7,,,,,,,,,,,,,,,,,,,,,,,,,,
lima-hand-embroidered-kaftan-terra-kt-8313b,,,,,,,,,,,,,,,,,,,,,,,,,https://cdn.shopify.com/s/files/1/0678/8415/5132/products/untitled_capture1732-1.jpg?v=1705822110,8,,,,,,,,,,,,,,,,,,,,,,,,,,
lima-hand-embroidered-kaftan-terra-kt-8313b,,,,,,,,,,,,,,,,,,,,,,,,,https://cdn.shopify.com/s/files/1/0678/8415/5132/products/artboard_34_copy_5_2-1.png?v=1705822110,9,,,,,,,,,,,,,,,,,,,,,,,,,,
lima-hand-embroidered-kaftan-terra-kt-8313b,,,,,,,,,,,,,,,,,,,,,,,,,https://cdn.shopify.com/s/files/1/0678/8415/5132/products/untitled_capture1713-1.jpg?v=1705822110,10,,,,,,,,,,,,,,,,,,,,,,,,,,
lima-hand-embroidered-kaftan-terra-kt-8313b,,,,,,,,,,,,,,,,,,,,,,,,,https://cdn.shopify.com/s/files/1/0678/8415/5132/products/untitled_capture1711-1.jpg?v=1705822110,11,,,,,,,,,,,,,,,,,,,,,,,,,,
aisha-silk-dress-fuchsia-rose-dr-9107a,Aisha Silk Dress - Fuchsia Rose,"<p>An eri silk patchwork ankle length dress with a boat neck, 3/4th sleeves and pockets detailed with fine hand pintucks in our bespoke handwoven eri silk with broad stripes in handwovne tonal chambrays and metallic yarn. The dress can be dressed up or down as needed for the occasion.</p>",SALE IS LIVE ,,Dresses,Copy AI,TRUE,Top Size,XS,,,,,DR-9107A-XS,1000,,100,deny,manual,349,1299,TRUE,TRUE,,https://cdn.shopify.com/s/files/1/0678/8415/5132/products/3631_149.jpg?v=1705822090,1,,FALSE,,,,,,,,,,,,,,,kg,,,TRUE,,,TRUE,,,active
aisha-silk-dress-fuchsia-rose-dr-9107a,,,,,,,,,S,,,,,DR-9107A-S,1000,,100,deny,manual,349,1299,TRUE,TRUE,,https://cdn.shopify.com/s/files/1/0678/8415/5132/products/3604_142.jpg?v=1705822090,2,,,,,,,,,,,,,,,,,kg,,,,,,,,,
aisha-silk-dress-fuchsia-rose-dr-9107a,,,,,,,,,M,,,,,DR-9107A-M,1000,,100,deny,manual,349,1299,TRUE,TRUE,,https://cdn.shopify.com/s/files/1/0678/8415/5132/products/3614_146.jpg?v=1705822090,3,,,,,,,,,,,,,,,,,kg,,,,,,,,,
aisha-silk-dress-fuchsia-rose-dr-9107a,,,,,,,,,L,,,,,DR-9107A-L,1000,,100,deny,manual,349,1299,TRUE,TRUE,,https://cdn.shopify.com/s/files/1/0678/8415/5132/products/3610_144_2aaa886b-09bc-43cf-a7a5-15d12a5a3787.jpg?v=1705822090,4,,,,,,,,,,,,,,,,,kg,,,,,,,,,
aisha-silk-dress-fuchsia-rose-dr-9107a,,,,,,,,,XL,,,,,DR-9107A-XL,1000,,100,deny,manual,349,1299,TRUE,TRUE,,https://cdn.shopify.com/s/files/1/0678/8415/5132/products/3605_143.jpg?v=1705822090,5,,,,,,,,,,,,,,,,,kg,,,,,,,,,
aisha-silk-dress-fuchsia-rose-dr-9107a,,,,,,,,,XXL,,,,,DR-9107A-XXL,1000,,100,deny,manual,349,1299,TRUE,TRUE,,https://cdn.shopify.com/s/files/1/0678/8415/5132/products/3622_151.jpg?v=1705822090,6,,,,,,,,,,,,,,,,,kg,,,,,,,,,
aisha-silk-dress-fuchsia-rose-dr-9107a,,,,,,,,,,,,,,,,,,,,,,,,,https://cdn.shopify.com/s/files/1/0678/8415/5132/products/3633_150.jpg?v=1705822090,7,,,,,,,,,,,,,,,,,,,,,,,,,,
aisha-silk-dress-fuchsia-rose-dr-9107a,,,,,,,,,,,,,,,,,,,,,,,,,https://cdn.shopify.com/s/files/1/0678/8415/5132/products/3628_148.jpg?v=1705822090,8,,,,,,,,,,,,,,,,,,,,,,,,,,
misaki-botanical-linen-dress-ash,Misaki Botanical Linen Dress - Ash,"<p>Soft botanical printed handloom linen dress with boat neck, pockets, subtle gathers at the waist and 3/4th sleeves finished with self-woven pop-colored selvedge at the hem and sleeves. Perfect for an outdoor summer activity or a relaxed evening look.</p>",SALE IS LIVE ,,Dresses,Copy AI,TRUE,Size,XS,,,,,DR-8623C-XS,1000,,100,deny,manual,349,1299,TRUE,TRUE,,https://cdn.shopify.com/s/files/1/0678/8415/5132/products/EditedArtboard41.jpg?v=1705822070,1,,FALSE,,,,,,,,,,,,,,,kg,,,TRUE,,,TRUE,,,active
misaki-botanical-linen-dress-ash,,,,,,,,,S,,,,,DR-8623C-S,1000,,100,deny,manual,349,1299,TRUE,TRUE,,https://cdn.shopify.com/s/files/1/0678/8415/5132/products/EditedArtboard44.jpg?v=1705822070,2,,,,,,,,,,,,,,,,,kg,,,,,,,,,
misaki-botanical-linen-dress-ash,,,,,,,,,M,,,,,DR-8623C-M,1000,,100,deny,manual,349,1299,TRUE,TRUE,,https://cdn.shopify.com/s/files/1/0678/8415/5132/products/EditedArtboard43.jpg?v=1705822070,3,,,,,,,,,,,,,,,,,kg,,,,,,,,,
misaki-botanical-linen-dress-ash,,,,,,,,,L,,,,,DR-8623C-L,1000,,100,deny,manual,349,1299,TRUE,TRUE,,https://cdn.shopify.com/s/files/1/0678/8415/5132/products/EditedArtboard40.jpg?v=1705822070,4,,,,,,,,,,,,,,,,,kg,,,,,,,,,
misaki-botanical-linen-dress-ash,,,,,,,,,XL,,,,,DR-8623C-XL,1000,,100,deny,manual,349,1299,TRUE,TRUE,,https://cdn.shopify.com/s/files/1/0678/8415/5132/products/EditedArtboard45.jpg?v=1705822070,5,,,,,,,,,,,,,,,,,kg,,,,,,,,,
misaki-botanical-linen-dress-ash,,,,,,,,,XXL,,,,,DR-8623C-XXL,1000,,100,deny,manual,349,1299,TRUE,TRUE,,https://cdn.shopify.com/s/files/1/0678/8415/5132/products/EditedArtboard42.jpg?v=1705822070,6,,,,,,,,,,,,,,,,,kg,,,,,,,,,
runa-linen-shift-dress-rose-dr-8711b,Runa Linen Shift Dress - Rose,"<p>A classic linen shift dress with a shirt collar, short sleeves and a zipper.</p>",SALE IS LIVE ,,Dresses,Copy AI,TRUE,Size,XS,,,,,DR-8711B-XS,1000,,100,deny,manual,349,1299,TRUE,TRUE,,https://cdn.shopify.com/s/files/1/0678/8415/5132/products/74.jpg?v=1705822054,1,,FALSE,,,,,,,,,,,,,,,kg,,,TRUE,,,TRUE,,,active
runa-linen-shift-dress-rose-dr-8711b,,,,,,,,,S,,,,,DR-8711B-S,1000,,100,deny,manual,349,1299,TRUE,TRUE,,https://cdn.shopify.com/s/files/1/0678/8415/5132/products/73.jpg?v=1705822054,2,,,,,,,,,,,,,,,,,kg,,,,,,,,,
runa-linen-shift-dress-rose-dr-8711b,,,,,,,,,M,,,,,DR-8711B-M,1000,,100,deny,manual,349,1299,TRUE,TRUE,,https://cdn.shopify.com/s/files/1/0678/8415/5132/products/71.jpg?v=1705822054,3,,,,,,,,,,,,,,,,,kg,,,,,,,,,
runa-linen-shift-dress-rose-dr-8711b,,,,,,,,,L,,,,,DR-8711B-L,1000,,100,deny,manual,349,1299,TRUE,TRUE,,https://cdn.shopify.com/s/files/1/0678/8415/5132/products/72.jpg?v=1705822054,4,,,,,,,,,,,,,,,,,kg,,,,,,,,,
runa-linen-shift-dress-rose-dr-8711b,,,,,,,,,XL,,,,,DR-8711B-XL,1000,,100,deny,manual,349,1299,TRUE,TRUE,,https://cdn.shopify.com/s/files/1/0678/8415/5132/products/75.jpg?v=1705822054,5,,,,,,,,,,,,,,,,,kg,,,,,,,,,
runa-linen-shift-dress-rose-dr-8711b,,,,,,,,,XXL,,,,,DR-8711B-XXL,1000,,100,deny,manual,349,1299,TRUE,TRUE,,,,,,,,,,,,,,,,,,,,kg,,,,,,,,,
mika-botanical-wrap-dress-ash-dr-8611c,Mika Botanical Wrap Dress - Ash,"<p>An elegant wrap dress in our soft handwoven linen finished with a pop coloured woven selvedge; printed in a hand-illustrated multi-coloured floral bouquet print. The dress has pockets, 3/4th sleeves with a slight puff and adjustable buttons with linen fabric detailed with thread embroidery.</p>",SALE IS LIVE ,,Dresses,Copy AI,TRUE,Size,XS,,,,,DR-8611C-XS,1000,,100,deny,manual,349,1299,TRUE,TRUE,,https://cdn.shopify.com/s/files/1/0678/8415/5132/products/MikaWrapDress.jpg?v=1705822041,1,,FALSE,,,,,,,,,,,,,,,kg,,,TRUE,,,TRUE,,,active
mika-botanical-wrap-dress-ash-dr-8611c,,,,,,,,,S,,,,,DR-8611C-S,1000,,100,deny,manual,349,1299,TRUE,TRUE,,https://cdn.shopify.com/s/files/1/0678/8415/5132/products/Manan1915copy.jpg?v=1705822041,2,,,,,,,,,,,,,,,,,kg,,,,,,,,,
mika-botanical-wrap-dress-ash-dr-8611c,,,,,,,,,M,,,,,DR-8611C-M,1000,,100,deny,manual,349,1299,TRUE,TRUE,,https://cdn.shopify.com/s/files/1/0678/8415/5132/products/Manan5556.jpg?v=1705822041,3,,,,,,,,,,,,,,,,,kg,,,,,,,,,
mika-botanical-wrap-dress-ash-dr-8611c,,,,,,,,,L,,,,,DR-8611C-L,1000,,100,deny,manual,349,1299,TRUE,TRUE,,https://cdn.shopify.com/s/files/1/0678/8415/5132/products/Manan5538.jpg?v=1705822041,4,,,,,,,,,,,,,,,,,kg,,,,,,,,,
mika-botanical-wrap-dress-ash-dr-8611c,,,,,,,,,XL,,,,,DR-8611C-XL,1000,,100,deny,manual,349,1299,TRUE,TRUE,,https://cdn.shopify.com/s/files/1/0678/8415/5132/products/Manan5547.jpg?v=1705822041,5,,,,,,,,,,,,,,,,,kg,,,,,,,,,
mika-botanical-wrap-dress-ash-dr-8611c,,,,,,,,,XXL,,,,,DR-8611C-XXL,1000,,100,deny,manual,349,1299,TRUE,TRUE,,https://cdn.shopify.com/s/files/1/0678/8415/5132/products/miko.jpg?v=1705822041,6,,,,,,,,,,,,,,,,,kg,,,,,,,,,
mika-botanical-wrap-dress-ash-dr-8611c,,,,,,,,,,,,,,,,,,,,,,,,,https://cdn.shopify.com/s/files/1/0678/8415/5132/products/miko-1.jpg?v=1705822041,7,,,,,,,,,,,,,,,,,,,,,,,,,,
misaki-botanical-linen-dress-ivory,Misaki Botanical Linen Dress - Ivory,"<p>Soft botanical printed handloom linen dress with boat neck, pockets, subtle gathers at the waist and 3/4th sleeves finished with self-woven pop-colored selvedge at the hem and sleeves. Perfect for an outdoor summer activity or a relaxed evening look.</p>",SALE IS LIVE ,,Dresses,Copy AI,TRUE,Size,XS,,,,,DR-8623A-XS,1000,,100,deny,manual,349,1299,TRUE,TRUE,,https://cdn.shopify.com/s/files/1/0678/8415/5132/products/EditedArtboard31.jpg?v=1705822022,1,,FALSE,,,,,,,,,,,,,,,kg,,,TRUE,,,TRUE,,,active
misaki-botanical-linen-dress-ivory,,,,,,,,,S,,,,,DR-8623A-S,1000,,100,deny,manual,349,1299,TRUE,TRUE,,https://cdn.shopify.com/s/files/1/0678/8415/5132/products/EditedArtboard32.jpg?v=1705822022,2,,,,,,,,,,,,,,,,,kg,,,,,,,,,
misaki-botanical-linen-dress-ivory,,,,,,,,,M,,,,,DR-8623A-M,1000,,100,deny,manual,349,1299,TRUE,TRUE,,https://cdn.shopify.com/s/files/1/0678/8415/5132/products/EditedArtboard29.jpg?v=1705822022,3,,,,,,,,,,,,,,,,,kg,,,,,,,,,
misaki-botanical-linen-dress-ivory,,,,,,,,,L,,,,,DR-8623A-L,1000,,100,deny,manual,349,1299,TRUE,TRUE,,https://cdn.shopify.com/s/files/1/0678/8415/5132/products/EditedArtboard30.jpg?v=1705822022,4,,,,,,,,,,,,,,,,,kg,,,,,,,,,
misaki-botanical-linen-dress-ivory,,,,,,,,,XL,,,,,DR-8623A-XL,1000,,100,deny,manual,349,1299,TRUE,TRUE,,https://cdn.shopify.com/s/files/1/0678/8415/5132/products/EditedArtboard28.jpg?v=1705822022,5,,,,,,,,,,,,,,,,,kg,,,,,,,,,
misaki-botanical-linen-dress-ivory,,,,,,,,,XXL,,,,,DR-8623A-XXL,1000,,100,deny,manual,349,1299,TRUE,TRUE,,https://cdn.shopify.com/s/files/1/0678/8415/5132/products/EditedArtboard33.jpg?v=1705822022,6,,,,,,,,,,,,,,,,,kg,,,,,,,,,
rysa-sleeveless-silk-dress-sage-grey-dr-9111b,Rysa Sleeveless Silk Dress - Sage Grey,"<p>A sleeveless ankle length dress in our bespoke handwoven handwoven eri silk with broad woven stripes and metallic yarn. The Rysa dress is designed in panels placed in horizontal and vertical directions, with a key-hole at the back and one side slit. The Rysa dress pairs beautifully with our silk blazers and hand-embroidered overlays.</p>",SALE IS LIVE ,,Dresses,Copy AI,TRUE,Top Size,XS,,,,,DR-9111B-XS,1000,,100,deny,manual,349,1299,TRUE,TRUE,,https://cdn.shopify.com/s/files/1/0678/8415/5132/products/4576_19.jpg?v=1705822006,1,,FALSE,,,,,,,,,,,,,,,kg,,,TRUE,,,TRUE,,,active
rysa-sleeveless-silk-dress-sage-grey-dr-9111b,,,,,,,,,S,,,,,DR-9111B-S,1000,,100,deny,manual,349,1299,TRUE,TRUE,,https://cdn.shopify.com/s/files/1/0678/8415/5132/products/4589_22.jpg?v=1705822006,2,,,,,,,,,,,,,,,,,kg,,,,,,,,,
rysa-sleeveless-silk-dress-sage-grey-dr-9111b,,,,,,,,,M,,,,,DR-9111B-M,1000,,100,deny,manual,349,1299,TRUE,TRUE,,https://cdn.shopify.com/s/files/1/0678/8415/5132/products/4578_20.jpg?v=1705822006,3,,,,,,,,,,,,,,,,,kg,,,,,,,,,
rysa-sleeveless-silk-dress-sage-grey-dr-9111b,,,,,,,,,L,,,,,DR-9111B-L,1000,,100,deny,manual,349,1299,TRUE,TRUE,,https://cdn.shopify.com/s/files/1/0678/8415/5132/products/4588_21.jpg?v=1705822006,4,,,,,,,,,,,,,,,,,kg,,,,,,,,,
rysa-sleeveless-silk-dress-sage-grey-dr-9111b,,,,,,,,,XL,,,,,DR-9111B-XL,1000,,100,deny,manual,349,1299,TRUE,TRUE,,https://cdn.shopify.com/s/files/1/0678/8415/5132/products/4565_18.jpg?v=1705822006,5,,,,,,,,,,,,,,,,,kg,,,,,,,,,
rysa-sleeveless-silk-dress-sage-grey-dr-9111b,,,,,,,,,XXL,,,,,DR-9111B-XXL,1000,,100,deny,manual,349,1299,TRUE,TRUE,,https://cdn.shopify.com/s/files/1/0678/8415/5132/products/4572_23.jpg?v=1705822006,6,,,,,,,,,,,,,,,,,kg,,,,,,,,,
nazrin-asymmetrical-silk-dress-fuchsia-rose-dr-9116a,Nazrin Asymmetrical Silk Dress - Fuchsia Rose,<p>An asymmetric kaftan style dress in our statement handwoven soft eri silk with broad woven stripes in tonal chambrays and metallic yarn/zari - wear it as a dress or pair it with the Sisa silk pants.</p>,SALE IS LIVE ,,Dresses,Copy AI,TRUE,Size,Free Size,,,,,DR-9116A,1000,,100,deny,manual,349,1299,TRUE,TRUE,,https://cdn.shopify.com/s/files/1/0678/8415/5132/products/4462_321.jpg?v=1705821989,1,,FALSE,,,,,,,,,,,,,,,kg,,,TRUE,,,TRUE,,,active
nazrin-asymmetrical-silk-dress-fuchsia-rose-dr-9116a,,,,,,,,,,,,,,,,,,,,,,,,,https://cdn.shopify.com/s/files/1/0678/8415/5132/products/4474_323.jpg?v=1705821989,2,,,,,,,,,,,,,,,,,,,,,,,,,,
nazrin-asymmetrical-silk-dress-fuchsia-rose-dr-9116a,,,,,,,,,,,,,,,,,,,,,,,,,https://cdn.shopify.com/s/files/1/0678/8415/5132/products/4481_325.jpg?v=1705821989,3,,,,,,,,,,,,,,,,,,,,,,,,,,
nazrin-asymmetrical-silk-dress-fuchsia-rose-dr-9116a,,,,,,,,,,,,,,,,,,,,,,,,,https://cdn.shopify.com/s/files/1/0678/8415/5132/products/4478_324.jpg?v=1705821989,4,,,,,,,,,,,,,,,,,,,,,,,,,,
nazrin-asymmetrical-silk-dress-fuchsia-rose-dr-9116a,,,,,,,,,,,,,,,,,,,,,,,,,https://cdn.shopify.com/s/files/1/0678/8415/5132/products/4487_327.jpg?v=1705821989,5,,,,,,,,,,,,,,,,,,,,,,,,,,
insha-kaftan-dress-dr-3400a,Insha Kaftan Dress,<p>Metallic striped handloom linen kaftan with horizontal stripes along the top half and vertical stripes from the under bust . This kaftan dress is detailed with a intricate gold lattice/jaali detail below the neckline and silk cuffs.</p>,SALE IS LIVE ,,Dresses,Copy AI,TRUE,Top Size,XS,,,,,DR- 3400A-XS,1000,,100,deny,manual,349,1299,TRUE,TRUE,,https://cdn.shopify.com/s/files/1/0678/8415/5132/products/17.1_1.jpg?v=1705821975,1,,FALSE,,,,,,,,,,,,,,,kg,,,TRUE,,,TRUE,,,active
insha-kaftan-dress-dr-3400a,,,,,,,,,S,,,,,DR- 3400A-S,1000,,100,deny,manual,349,1299,TRUE,TRUE,,https://cdn.shopify.com/s/files/1/0678/8415/5132/products/17.2_1.jpg?v=1705821975,2,,,,,,,,,,,,,,,,,kg,,,,,,,,,
insha-kaftan-dress-dr-3400a,,,,,,,,,M,,,,,DR- 3400A-M,1000,,100,deny,manual,349,1299,TRUE,TRUE,,https://cdn.shopify.com/s/files/1/0678/8415/5132/products/17.3_1.jpg?v=1705821975,3,,,,,,,,,,,,,,,,,kg,,,,,,,,,
insha-kaftan-dress-dr-3400a,,,,,,,,,L,,,,,DR- 3400A-L,1000,,100,deny,manual,349,1299,TRUE,TRUE,,https://cdn.shopify.com/s/files/1/0678/8415/5132/products/17.4_1.jpg?v=1705821975,4,,,,,,,,,,,,,,,,,kg,,,,,,,,,
insha-kaftan-dress-dr-3400a,,,,,,,,,XL,,,,,DR- 3400A-XL,1000,,100,deny,manual,349,1299,TRUE,TRUE,,https://cdn.shopify.com/s/files/1/0678/8415/5132/products/17.5_1.jpg?v=1705821975,5,,,,,,,,,,,,,,,,,kg,,,,,,,,,
insha-kaftan-dress-dr-3400a,,,,,,,,,XXL,,,,,DR- 3400A-XXL,1000,,100,deny,manual,349,1299,TRUE,TRUE,,,,,,,,,,,,,,,,,,,,kg,,,,,,,,,
eza-pintucked-linen-dress-ivory-dr-8603a,Eza Pintucked Linen Dress - Ivory,"<p>A statement, yet comfortable boat-neck A-line dress with fine pintucks stitched down from the neckline. The Eza Dress has been designed with 3/4th sleeves and comfortable pockets in our yarn-dyed handwoven linen with multi-coloured and metallic zari stripes woven along the hemline.</p>",SALE IS LIVE ,,Dresses,Copy AI,TRUE,Size,S/M,Add Slip,No Slip,,,DR-8603A-S/M,1000,,100,deny,manual,349,1299,TRUE,TRUE,,https://cdn.shopify.com/s/files/1/0678/8415/5132/products/Manan5964.jpg?v=1705821966,1,,FALSE,,,,,,,,,,,,,,,kg,,,TRUE,,,TRUE,,,active
eza-pintucked-linen-dress-ivory-dr-8603a,,,,,,,,,S/M,,Add Slip + INR 1600,,,,1000,,100,deny,manual,349,1299,TRUE,TRUE,,https://cdn.shopify.com/s/files/1/0678/8415/5132/products/Manan5966.jpg?v=1705821966,2,,,,,,,,,,,,,,,,,kg,,,,,,,,,
eza-pintucked-linen-dress-ivory-dr-8603a,,,,,,,,,L/XL,,No Slip,,,DR-8603A-L/XL,1000,,100,deny,manual,349,1299,TRUE,TRUE,,https://cdn.shopify.com/s/files/1/0678/8415/5132/products/Manan5969.jpg?v=1705821966,3,,,,,,,,,,,,,,,,,kg,,,,,,,,,
eza-pintucked-linen-dress-ivory-dr-8603a,,,,,,,,,L/XL,,Add Slip + INR 1600,,,,1000,,100,deny,manual,349,1299,TRUE,TRUE,,https://cdn.shopify.com/s/files/1/0678/8415/5132/products/Manan5952.jpg?v=1705821966,4,,,,,,,,,,,,,,,,,kg,,,,,,,,,
eza-pintucked-linen-dress-ivory-dr-8603a,,,,,,,,,XXL/3XL,,No Slip,,,DR-8603A-XXL/3XL,1000,,100,deny,manual,349,1299,TRUE,TRUE,,https://cdn.shopify.com/s/files/1/0678/8415/5132/products/Manan5956.jpg?v=1705821966,5,,,,,,,,,,,,,,,,,kg,,,,,,,,,
eza-pintucked-linen-dress-ivory-dr-8603a,,,,,,,,,XXL/3XL,,Add Slip + INR 1600,,,,1000,,100,deny,manual,349,1299,TRUE,TRUE,,https://cdn.shopify.com/s/files/1/0678/8415/5132/products/Manan5975.jpg?v=1705821966,6,,,,,,,,,,,,,,,,,kg,,,,,,,,,
eza-pintucked-linen-dress-ivory-dr-8603a,,,,,,,,,,,,,,,,,,,,,,,,,https://cdn.shopify.com/s/files/1/0678/8415/5132/products/Manan5976.jpg?v=1705821966,7,,,,,,,,,,,,,,,,,,,,,,,,,,
nia-stripe-linen-dress-ash-dr-8608c,Nia Stripe Linen Dress - Ash,<p>A perennial boat neck dress with intricate hand pintucking on yarn-dyed handwoven linen with multicoloured &amp; metallic zari stripes placed asymmetrically. The Nia dress is finished with running stitches along the neckline and hand-made fabric covered buttons with hand embroidered details in pop coloured threads.</p>,SALE IS LIVE ,,Dresses,Copy AI,TRUE,Size,XS,,,,,DR-8608C-XS,1000,,100,deny,manual,349,1299,TRUE,TRUE,,https://cdn.shopify.com/s/files/1/0678/8415/5132/products/Manan5578.jpg?v=1705821946,1,,FALSE,,,,,,,,,,,,,,,kg,,,TRUE,,,TRUE,,,active
nia-stripe-linen-dress-ash-dr-8608c,,,,,,,,,S,,,,,DR-8608C-S,1000,,100,deny,manual,349,1299,TRUE,TRUE,,https://cdn.shopify.com/s/files/1/0678/8415/5132/products/Manan5602.jpg?v=1705821946,2,,,,,,,,,,,,,,,,,kg,,,,,,,,,
nia-stripe-linen-dress-ash-dr-8608c,,,,,,,,,M,,,,,DR-8608C-M,1000,,100,deny,manual,349,1299,TRUE,TRUE,,https://cdn.shopify.com/s/files/1/0678/8415/5132/products/Manan5604.jpg?v=1705821946,3,,,,,,,,,,,,,,,,,kg,,,,,,,,,
nia-stripe-linen-dress-ash-dr-8608c,,,,,,,,,L,,,,,DR-8608C-L,1000,,100,deny,manual,349,1299,TRUE,TRUE,,https://cdn.shopify.com/s/files/1/0678/8415/5132/products/Manan5608.jpg?v=1705821946,4,,,,,,,,,,,,,,,,,kg,,,,,,,,,
nia-stripe-linen-dress-ash-dr-8608c,,,,,,,,,XL,,,,,DR-8608C-XL,1000,,100,deny,manual,349,1299,TRUE,TRUE,,https://cdn.shopify.com/s/files/1/0678/8415/5132/products/Manan5619.jpg?v=1705821946,5,,,,,,,,,,,,,,,,,kg,,,,,,,,,
nia-stripe-linen-dress-ash-dr-8608c,,,,,,,,,XXL,,,,,DR-8608C-XXL,1000,,100,deny,manual,349,1299,TRUE,TRUE,,https://cdn.shopify.com/s/files/1/0678/8415/5132/products/Manan5586.jpg?v=1705821946,6,,,,,,,,,,,,,,,,,kg,,,,,,,,,
nia-stripe-linen-dress-ash-dr-8608c,,,,,,,,,,,,,,,,,,,,,,,,,https://cdn.shopify.com/s/files/1/0678/8415/5132/products/Manan5590.jpg?v=1705821946,7,,,,,,,,,,,,,,,,,,,,,,,,,,
nia-stripe-linen-dress-ash-dr-8608c,,,,,,,,,,,,,,,,,,,,,,,,,https://cdn.shopify.com/s/files/1/0678/8415/5132/products/Manan5597.jpg?v=1705821946,8,,,,,,,,,,,,,,,,,,,,,,,,,,
nia-stripe-linen-dress-fern-dr-8608b,Nia Stripe Linen Dress - Fern,<p>A perennial boat neck dress with intricate hand pintucking on yarn-dyed handwoven linen with multicoloured &amp; metallic zari stripes placed asymmetrically. The Nia dress is finished with running stitches along the neckline and hand-made fabric covered buttons with hand embroidered details in pop coloured threads.</p>,SALE IS LIVE ,,Dresses,Copy AI,TRUE,Size,XS,,,,,DR-8608B-XS,1000,,100,deny,manual,349,1299,TRUE,TRUE,,https://cdn.shopify.com/s/files/1/0678/8415/5132/products/Manan5694.jpg?v=1705821922,1,,FALSE,,,,,,,,,,,,,,,kg,,,TRUE,,,TRUE,,,active
nia-stripe-linen-dress-fern-dr-8608b,,,,,,,,,S,,,,,DR-8608B-S,1000,,100,deny,manual,349,1299,TRUE,TRUE,,https://cdn.shopify.com/s/files/1/0678/8415/5132/products/Manan5722.jpg?v=1705821922,2,,,,,,,,,,,,,,,,,kg,,,,,,,,,
nia-stripe-linen-dress-fern-dr-8608b,,,,,,,,,M,,,,,DR-8608B-M,1000,,100,deny,manual,349,1299,TRUE,TRUE,,https://cdn.shopify.com/s/files/1/0678/8415/5132/products/Manan5710_ced6958c-b491-42b5-9604-1b07596ad771.jpg?v=1705821922,3,,,,,,,,,,,,,,,,,kg,,,,,,,,,
nia-stripe-linen-dress-fern-dr-8608b,,,,,,,,,L,,,,,DR-8608B-L,1000,,100,deny,manual,349,1299,TRUE,TRUE,,https://cdn.shopify.com/s/files/1/0678/8415/5132/products/Manan5718.jpg?v=1705821922,4,,,,,,,,,,,,,,,,,kg,,,,,,,,,
nia-stripe-linen-dress-fern-dr-8608b,,,,,,,,,XL,,,,,DR-8608B-XL,1000,,100,deny,manual,349,1299,TRUE,TRUE,,https://cdn.shopify.com/s/files/1/0678/8415/5132/products/Manan5720.jpg?v=1705821922,5,,,,,,,,,,,,,,,,,kg,,,,,,,,,
nia-stripe-linen-dress-fern-dr-8608b,,,,,,,,,XXL,,,,,DR-8608B-XXL,1000,,100,deny,manual,349,1299,TRUE,TRUE,,https://cdn.shopify.com/s/files/1/0678/8415/5132/products/Manan5723.jpg?v=1705821922,6,,,,,,,,,,,,,,,,,kg,,,,,,,,,
nia-stripe-linen-dress-fern-dr-8608b,,,,,,,,,,,,,,,,,,,,,,,,,https://cdn.shopify.com/s/files/1/0678/8415/5132/products/Manan5705.jpg?v=1705821922,7,,,,,,,,,,,,,,,,,,,,,,,,,,
nia-stripe-linen-dress-fern-dr-8608b,,,,,,,,,,,,,,,,,,,,,,,,,https://cdn.shopify.com/s/files/1/0678/8415/5132/products/Manan5707.jpg?v=1705821922,8,,,,,,,,,,,,,,,,,,,,,,,,,,
zaina-metallic-dress-dr-3300a,Zaina Metallic Dress,<p>Metallic striped handloom linen dress with a play of stripes creating a playful abstract pattern. The dress has stitched down pockets with hand-embroidered gold metallic zari thread work.</p>,SALE IS LIVE ,,Dresses,Copy AI,TRUE,Top Size,XS,,,,,DR-3300A-XS,1000,,100,deny,manual,349,1299,TRUE,TRUE,,https://cdn.shopify.com/s/files/1/0678/8415/5132/products/1.1_1_2.jpg?v=1705821898,1,,FALSE,,,,,,,,,,,,,,,kg,,,TRUE,,,TRUE,,,active
zaina-metallic-dress-dr-3300a,,,,,,,,,S,,,,,DR-3300A-S,1000,,100,deny,manual,349,1299,TRUE,TRUE,,https://cdn.shopify.com/s/files/1/0678/8415/5132/products/1.2_1_2.jpg?v=1705821898,2,,,,,,,,,,,,,,,,,kg,,,,,,,,,
zaina-metallic-dress-dr-3300a,,,,,,,,,M,,,,,DR-3300A-M,1000,,100,deny,manual,349,1299,TRUE,TRUE,,https://cdn.shopify.com/s/files/1/0678/8415/5132/products/1.3_1_2.jpg?v=1705821898,3,,,,,,,,,,,,,,,,,kg,,,,,,,,,
zaina-metallic-dress-dr-3300a,,,,,,,,,L,,,,,DR-3300A-L,1000,,100,deny,manual,349,1299,TRUE,TRUE,,https://cdn.shopify.com/s/files/1/0678/8415/5132/products/1.4_1_2.jpg?v=1705821899,4,,,,,,,,,,,,,,,,,kg,,,,,,,,,
zaina-metallic-dress-dr-3300a,,,,,,,,,XL,,,,,DR-3300A-XL,1000,,100,deny,manual,349,1299,TRUE,TRUE,,https://cdn.shopify.com/s/files/1/0678/8415/5132/products/1.5_1_2.jpg?v=1705821899,5,,,,,,,,,,,,,,,,,kg,,,,,,,,,
zaina-metallic-dress-dr-3300a,,,,,,,,,XXL,,,,,DR-3300A-XXL,1000,,100,deny,manual,349,1299,TRUE,TRUE,,https://cdn.shopify.com/s/files/1/0678/8415/5132/products/1.6.jpg?v=1705821899,6,,,,,,,,,,,,,,,,,kg,,,,,,,,,
ena-linen-dress-dawn-dr-5003a,Ena Linen Dress - Dawn,<p>Classic boat-neck dress with 3/4th sleeves and pockets - handcrafted by piecing together soft linen in shades of off-white and beige.</p>,SALE IS LIVE ,,Dresses,Copy AI,TRUE,Top Size,XS,,,,,DR-5003A-XS,1000,,100,deny,manual,349,1299,TRUE,TRUE,,https://cdn.shopify.com/s/files/1/0678/8415/5132/products/ena-1.jpg?v=1705821887,1,,FALSE,,,,,,,,,,,,,,,kg,,,TRUE,,,TRUE,,,active
ena-linen-dress-dawn-dr-5003a,,,,,,,,,S,,,,,DR-5003A-S,1000,,100,deny,manual,349,1299,TRUE,TRUE,,https://cdn.shopify.com/s/files/1/0678/8415/5132/products/2-1_2_1.jpg?v=1705821887,2,,,,,,,,,,,,,,,,,kg,,,,,,,,,
ena-linen-dress-dawn-dr-5003a,,,,,,,,,M,,,,,DR-5003A-M,1000,,100,deny,manual,349,1299,TRUE,TRUE,,https://cdn.shopify.com/s/files/1/0678/8415/5132/products/2-2_1_1.jpg?v=1705821887,3,,,,,,,,,,,,,,,,,kg,,,,,,,,,
ena-linen-dress-dawn-dr-5003a,,,,,,,,,L,,,,,DR-5003A-L,1000,,100,deny,manual,349,1299,TRUE,TRUE,,https://cdn.shopify.com/s/files/1/0678/8415/5132/products/2-3_1_1.jpg?v=1705821887,4,,,,,,,,,,,,,,,,,kg,,,,,,,,,
ena-linen-dress-dawn-dr-5003a,,,,,,,,,XL,,,,,DR-5003A-XL,1000,,100,deny,manual,349,1299,TRUE,TRUE,,https://cdn.shopify.com/s/files/1/0678/8415/5132/products/ena-2.jpg?v=1705821887,5,,,,,,,,,,,,,,,,,kg,,,,,,,,,
ena-linen-dress-dawn-dr-5003a,,,,,,,,,XXL,,,,,DR-5003A-XXL,1000,,100,deny,manual,349,1299,TRUE,TRUE,,https://cdn.shopify.com/s/files/1/0678/8415/5132/products/ena-3.jpg?v=1705821887,6,,,,,,,,,,,,,,,,,kg,,,,,,,,,
mika-botanical-wrap-dress-ivory-dr-8611a,Mika Botanical Wrap Dress - Ivory,"<p>An elegant wrap dress in our soft handwoven linen finished with a pop coloured woven selvedge; printed in a hand-illustrated multi-coloured floral bouquet print. The dress has pockets, 3/4th sleeves with a slight puff and adjustable buttons with linen fabric detailed with thread embroidery.</p>",SALE IS LIVE ,,Dresses,Copy AI,TRUE,Size,XS,Add Slip,No Slip,,,DR-8611A-XS,1000,,100,deny,manual,349,1299,TRUE,TRUE,,https://cdn.shopify.com/s/files/1/0678/8415/5132/products/Manan5444.jpg?v=1705821876,1,,FALSE,,,,,,,,,,,,,,,kg,,,TRUE,,,TRUE,,,active
mika-botanical-wrap-dress-ivory-dr-8611a,,,,,,,,,XS,,Add Slip + INR 1600,,,,1000,,100,deny,manual,349,1299,TRUE,TRUE,,https://cdn.shopify.com/s/files/1/0678/8415/5132/products/Manan5445.jpg?v=1705821876,2,,,,,,,,,,,,,,,,,kg,,,,,,,,,
mika-botanical-wrap-dress-ivory-dr-8611a,,,,,,,,,S,,No Slip,,,DR-8611A-S,1000,,100,deny,manual,349,1299,TRUE,TRUE,,https://cdn.shopify.com/s/files/1/0678/8415/5132/products/Manan5448.jpg?v=1705821876,3,,,,,,,,,,,,,,,,,kg,,,,,,,,,
mika-botanical-wrap-dress-ivory-dr-8611a,,,,,,,,,S,,Add Slip + INR 1600,,,,1000,,100,deny,manual,349,1299,TRUE,TRUE,,https://cdn.shopify.com/s/files/1/0678/8415/5132/products/Manan5455.jpg?v=1705821876,4,,,,,,,,,,,,,,,,,kg,,,,,,,,,
mika-botanical-wrap-dress-ivory-dr-8611a,,,,,,,,,M,,No Slip,,,DR-8611A-M,1000,,100,deny,manual,349,1299,TRUE,TRUE,,https://cdn.shopify.com/s/files/1/0678/8415/5132/products/Manan5467.jpg?v=1705821876,5,,,,,,,,,,,,,,,,,kg,,,,,,,,,
mika-botanical-wrap-dress-ivory-dr-8611a,,,,,,,,,M,,Add Slip + INR 1600,,,,1000,,100,deny,manual,349,1299,TRUE,TRUE,,https://cdn.shopify.com/s/files/1/0678/8415/5132/products/Manan5435.jpg?v=1705821876,6,,,,,,,,,,,,,,,,,kg,,,,,,,,,
mika-botanical-wrap-dress-ivory-dr-8611a,,,,,,,,,L,,No Slip,,,DR-8611A-L,1000,,100,deny,manual,349,1299,TRUE,TRUE,,https://cdn.shopify.com/s/files/1/0678/8415/5132/products/Manan5438.jpg?v=1705821876,7,,,,,,,,,,,,,,,,,kg,,,,,,,,,
mika-botanical-wrap-dress-ivory-dr-8611a,,,,,,,,,L,,Add Slip + INR 1600,,,,1000,,100,deny,manual,349,1299,TRUE,TRUE,,,,,,,,,,,,,,,,,,,,kg,,,,,,,,,
mika-botanical-wrap-dress-ivory-dr-8611a,,,,,,,,,XL,,No Slip,,,DR-8611A-XL,1000,,100,deny,manual,349,1299,TRUE,TRUE,,,,,,,,,,,,,,,,,,,,kg,,,,,,,,,
mika-botanical-wrap-dress-ivory-dr-8611a,,,,,,,,,XL,,Add Slip + INR 1600,,,,1000,,100,deny,manual,349,1299,TRUE,TRUE,,,,,,,,,,,,,,,,,,,,kg,,,,,,,,,
mika-botanical-wrap-dress-ivory-dr-8611a,,,,,,,,,XXL,,No Slip,,,DR-8611A-XXL,1000,,100,deny,manual,349,1299,TRUE,TRUE,,,,,,,,,,,,,,,,,,,,kg,,,,,,,,,
mika-botanical-wrap-dress-ivory-dr-8611a,,,,,,,,,XXL,,Add Slip + INR 1600,,,,1000,,100,deny,manual,349,1299,TRUE,TRUE,,,,,,,,,,,,,,,,,,,,kg,,,,,,,,,
miki-color-blocked-linen-dress-dawn-dr-5011a,Miki Color-Blocked Linen Dress - Dawn,<p>A sleeveless color-blocked sleeveless dress with horizontal bands of soft linen in shades of beige and off-white finished with a running kantha handstitch along the pockets.</p>,SALE IS LIVE ,,Dresses,Copy AI,TRUE,Size,XS,,,,,DR-5011A-XS,1000,,100,deny,manual,349,1299,TRUE,TRUE,,https://cdn.shopify.com/s/files/1/0678/8415/5132/products/dress-1.jpg?v=1705821856,1,,FALSE,,,,,,,,,,,,,,,kg,,,TRUE,,,TRUE,,,active
miki-color-blocked-linen-dress-dawn-dr-5011a,,,,,,,,,S,,,,,DR-5011A-S,1000,,100,deny,manual,349,1299,TRUE,TRUE,,https://cdn.shopify.com/s/files/1/0678/8415/5132/products/4-4_3.jpg?v=1705821856,2,,,,,,,,,,,,,,,,,kg,,,,,,,,,
miki-color-blocked-linen-dress-dawn-dr-5011a,,,,,,,,,M,,,,,DR-5011A-M,1000,,100,deny,manual,349,1299,TRUE,TRUE,,https://cdn.shopify.com/s/files/1/0678/8415/5132/products/4-1_4.jpg?v=1705821856,3,,,,,,,,,,,,,,,,,kg,,,,,,,,,
miki-color-blocked-linen-dress-dawn-dr-5011a,,,,,,,,,L,,,,,DR-5011A-L,1000,,100,deny,manual,349,1299,TRUE,TRUE,,https://cdn.shopify.com/s/files/1/0678/8415/5132/products/4-2_1_3.jpg?v=1705821856,4,,,,,,,,,,,,,,,,,kg,,,,,,,,,
miki-color-blocked-linen-dress-dawn-dr-5011a,,,,,,,,,XL,,,,,DR-5011A-XL,1000,,100,deny,manual,349,1299,TRUE,TRUE,,https://cdn.shopify.com/s/files/1/0678/8415/5132/products/dress-2.jpg?v=1705821856,5,,,,,,,,,,,,,,,,,kg,,,,,,,,,
miki-color-blocked-linen-dress-dawn-dr-5011a,,,,,,,,,XXL,,,,,DR-5011A-XXL,1000,,100,deny,manual,349,1299,TRUE,TRUE,,,,,,,,,,,,,,,,,,,,kg,,,,,,,,,
maya-linen-dress-with-jacket-off-white-cs-8710c,Maya Linen Dress with Jacket - Off White,"<p>Dress - Our favourite, most versatile sleeveless wrap dress in soft pure linen - layer it with a jacket or wear it with our statement earrings for the perfect look. <br>Jacket - An over-sized boyfriend style blazer with pockets in soft pure linen.</p>",SALE IS LIVE ,,Co-ord Sets,Copy AI,TRUE,Top Size,XS,Jacket Size,S/M,,,CS-8710C-XS-S/M,1000,,100,deny,manual,349,1299,TRUE,TRUE,,https://cdn.shopify.com/s/files/1/0678/8415/5132/products/123.jpg?v=1705821848,1,,FALSE,,,,,,,,,,,,,,,kg,,,TRUE,,,TRUE,,,active
maya-linen-dress-with-jacket-off-white-cs-8710c,,,,,,,,,XS,,L/XL,,,CS-8710C-XS-L/XL,1000,,100,deny,manual,349,1299,TRUE,TRUE,,https://cdn.shopify.com/s/files/1/0678/8415/5132/products/34_6ae5252d-4bc4-41cd-baa8-12d11bdf858a.jpg?v=1705821848,2,,,,,,,,,,,,,,,,,kg,,,,,,,,,
maya-linen-dress-with-jacket-off-white-cs-8710c,,,,,,,,,S,,S/M,,,CS-8710C-S-S/M,1000,,100,deny,manual,349,1299,TRUE,TRUE,,https://cdn.shopify.com/s/files/1/0678/8415/5132/products/121.jpg?v=1705821848,3,,,,,,,,,,,,,,,,,kg,,,,,,,,,
maya-linen-dress-with-jacket-off-white-cs-8710c,,,,,,,,,S,,L/XL,,,CS-8710C-S-L/XL,1000,,100,deny,manual,349,1299,TRUE,TRUE,,https://cdn.shopify.com/s/files/1/0678/8415/5132/products/124.jpg?v=1705821848,4,,,,,,,,,,,,,,,,,kg,,,,,,,,,
maya-linen-dress-with-jacket-off-white-cs-8710c,,,,,,,,,M,,S/M,,,CS-8710C-M-S/M,1000,,100,deny,manual,349,1299,TRUE,TRUE,,https://cdn.shopify.com/s/files/1/0678/8415/5132/products/122.jpg?v=1705821848,5,,,,,,,,,,,,,,,,,kg,,,,,,,,,
maya-linen-dress-with-jacket-off-white-cs-8710c,,,,,,,,,M,,L/XL,,,CS-8710C-M-L/XL,1000,,100,deny,manual,349,1299,TRUE,TRUE,,https://cdn.shopify.com/s/files/1/0678/8415/5132/products/17_a0ec83ba-287b-4c1f-b2eb-62eb19fe4e67.jpg?v=1705821848,6,,,,,,,,,,,,,,,,,kg,,,,,,,,,
maya-linen-dress-with-jacket-off-white-cs-8710c,,,,,,,,,L,,S/M,,,CS-8710C-L-S/M,1000,,100,deny,manual,349,1299,TRUE,TRUE,,https://cdn.shopify.com/s/files/1/0678/8415/5132/products/33_def8c37f-4536-4a16-a7c4-8469b41f6a90.jpg?v=1705821848,7,,,,,,,,,,,,,,,,,kg,,,,,,,,,
maya-linen-dress-with-jacket-off-white-cs-8710c,,,,,,,,,L,,L/XL,,,CS-8710C-L-L/XL,1000,,100,deny,manual,349,1299,TRUE,TRUE,,https://cdn.shopify.com/s/files/1/0678/8415/5132/products/125.jpg?v=1705821848,8,,,,,,,,,,,,,,,,,kg,,,,,,,,,
maya-linen-dress-with-jacket-off-white-cs-8710c,,,,,,,,,XL,,S/M,,,CS-8710C-XL-S/M,1000,,100,deny,manual,349,1299,TRUE,TRUE,,,,,,,,,,,,,,,,,,,,kg,,,,,,,,,
maya-linen-dress-with-jacket-off-white-cs-8710c,,,,,,,,,XL,,L/XL,,,CS-8710C-XL-L/XL,1000,,100,deny,manual,349,1299,TRUE,TRUE,,,,,,,,,,,,,,,,,,,,kg,,,,,,,,,
maya-linen-dress-with-jacket-off-white-cs-8710c,,,,,,,,,XXL,,S/M,,,CS-8710C-XXL-S/M,1000,,100,deny,manual,349,1299,TRUE,TRUE,,,,,,,,,,,,,,,,,,,,kg,,,,,,,,,
maya-linen-dress-with-jacket-off-white-cs-8710c,,,,,,,,,XXL,,L/XL,,,CS-8710C-XXL-L/XL,1000,,100,deny,manual,349,1299,TRUE,TRUE,,,,,,,,,,,,,,,,,,,,kg,,,,,,,,,
kanami-botanical-linen-dress-ash-dr-8615c,Kanami Botanical Linen Dress - Ash,<p>An A-line botanical printed linen dress with pockets handcrafted in our handwoven linen with a self-woven pop-coloured selvedge. The botanical print is a hand-illustrated design printed as a bouquet of multi-coloured flowers and the dress has a cut-out detail at the back with pintucks running down the centre of the back.</p>,SALE IS LIVE ,,Dresses,Copy AI,TRUE,Size,XS,,,,,DR-8615C-XS,1000,,100,deny,manual,349,1299,TRUE,TRUE,,https://cdn.shopify.com/s/files/1/0678/8415/5132/products/Manan5836.jpg?v=1705821827,1,,FALSE,,,,,,,,,,,,,,,kg,,,TRUE,,,TRUE,,,active
kanami-botanical-linen-dress-ash-dr-8615c,,,,,,,,,S,,,,,DR-8615C-S,1000,,100,deny,manual,349,1299,TRUE,TRUE,,https://cdn.shopify.com/s/files/1/0678/8415/5132/products/Manan5827.jpg?v=1705821827,2,,,,,,,,,,,,,,,,,kg,,,,,,,,,
kanami-botanical-linen-dress-ash-dr-8615c,,,,,,,,,M,,,,,DR-8615C-M,1000,,100,deny,manual,349,1299,TRUE,TRUE,,https://cdn.shopify.com/s/files/1/0678/8415/5132/products/Manan5829.jpg?v=1705821827,3,,,,,,,,,,,,,,,,,kg,,,,,,,,,
kanami-botanical-linen-dress-ash-dr-8615c,,,,,,,,,L,,,,,DR-8615C-L,1000,,100,deny,manual,349,1299,TRUE,TRUE,,https://cdn.shopify.com/s/files/1/0678/8415/5132/products/Manan5833.jpg?v=1705821827,4,,,,,,,,,,,,,,,,,kg,,,,,,,,,
kanami-botanical-linen-dress-ash-dr-8615c,,,,,,,,,XL,,,,,DR-8615C-XL,1000,,100,deny,manual,349,1299,TRUE,TRUE,,https://cdn.shopify.com/s/files/1/0678/8415/5132/products/Manan5848.jpg?v=1705821827,5,,,,,,,,,,,,,,,,,kg,,,,,,,,,
kanami-botanical-linen-dress-ash-dr-8615c,,,,,,,,,XXL,,,,,DR-8615C-XXL,1000,,100,deny,manual,349,1299,TRUE,TRUE,,https://cdn.shopify.com/s/files/1/0678/8415/5132/products/Manan5850.jpg?v=1705821827,6,,,,,,,,,,,,,,,,,kg,,,,,,,,,
kanami-botanical-linen-dress-ash-dr-8615c,,,,,,,,,,,,,,,,,,,,,,,,,https://cdn.shopify.com/s/files/1/0678/8415/5132/products/Manan5838.jpg?v=1705821827,7,,,,,,,,,,,,,,,,,,,,,,,,,,
anzu-color-blocked-dress-dawn-dr-5001a,Anzu Color-Blocked Dress - Dawn,"<p>Color-blocked comfortable tunic dress with a V-neck, pockets and 3/4 sleeves made by combining soft linen in shades of beige and off-white in an abstract contemporary pattern.</p>",SALE IS LIVE ,,Dresses,Copy AI,TRUE,Top Size,XS,,,,,DR-5001A-XS,1000,,100,deny,manual,349,1299,TRUE,TRUE,,https://cdn.shopify.com/s/files/1/0678/8415/5132/products/anzu-2.jpg?v=1705821807,1,,FALSE,,,,,,,,,,,,,,,kg,,,TRUE,,,TRUE,,,active
anzu-color-blocked-dress-dawn-dr-5001a,,,,,,,,,S,,,,,DR-5001A-S,1000,,100,deny,manual,349,1299,TRUE,TRUE,,https://cdn.shopify.com/s/files/1/0678/8415/5132/products/1-2_1_1.jpg?v=1705821807,2,,,,,,,,,,,,,,,,,kg,,,,,,,,,
anzu-color-blocked-dress-dawn-dr-5001a,,,,,,,,,M,,,,,DR-5001A-M,1000,,100,deny,manual,349,1299,TRUE,TRUE,,https://cdn.shopify.com/s/files/1/0678/8415/5132/products/1-3_1.jpg?v=1705821807,3,,,,,,,,,,,,,,,,,kg,,,,,,,,,
anzu-color-blocked-dress-dawn-dr-5001a,,,,,,,,,L,,,,,DR-5001A-L,1000,,100,deny,manual,349,1299,TRUE,TRUE,,https://cdn.shopify.com/s/files/1/0678/8415/5132/products/1-4_1.jpg?v=1705821807,4,,,,,,,,,,,,,,,,,kg,,,,,,,,,
anzu-color-blocked-dress-dawn-dr-5001a,,,,,,,,,XL,,,,,DR-5001A-XL,1000,,100,deny,manual,349,1299,TRUE,TRUE,,https://cdn.shopify.com/s/files/1/0678/8415/5132/products/anzu-1.jpg?v=1705821807,5,,,,,,,,,,,,,,,,,kg,,,,,,,,,
anzu-color-blocked-dress-dawn-dr-5001a,,,,,,,,,XXL,,,,,DR-5001A-XXL,1000,,100,deny,manual,349,1299,TRUE,TRUE,,https://cdn.shopify.com/s/files/1/0678/8415/5132/products/anzu-3.jpg?v=1705821807,6,,,,,,,,,,,,,,,,,kg,,,,,,,,,
nora-wool-dress-clay-dr-9207a,Nora Wool Dress - Clay,"<p>An A-line dress in our soft handwoven wool with a woven wool border. The Nora Dress has full sleeves, pockets, puffed sleeves and gathers at the shoulder. The dress comes with a wool belt with buckle to complete the look.</p>",SALE IS LIVE ,,Dresses,Copy AI,TRUE,Top Size,S/M,,,,,DR-9207A-XS,1000,,100,deny,manual,349,1299,TRUE,TRUE,,https://cdn.shopify.com/s/files/1/0678/8415/5132/products/12_0062.jpg?v=1705821798,1,,FALSE,,,,,,,,,,,,,,,kg,,,TRUE,,,TRUE,,,active
nora-wool-dress-clay-dr-9207a,,,,,,,,,L/XL,,,,,DR-9207A-S,1000,,100,deny,manual,349,1299,TRUE,TRUE,,https://cdn.shopify.com/s/files/1/0678/8415/5132/products/8_0051.jpg?v=1705821798,2,,,,,,,,,,,,,,,,,kg,,,,,,,,,
nora-wool-dress-clay-dr-9207a,,,,,,,,,,,,,,,,,,,,,,,,,https://cdn.shopify.com/s/files/1/0678/8415/5132/products/2_0019.jpg?v=1705821798,3,,,,,,,,,,,,,,,,,,,,,,,,,,
nora-wool-dress-clay-dr-9207a,,,,,,,,,,,,,,,,,,,,,,,,,https://cdn.shopify.com/s/files/1/0678/8415/5132/products/7_0049.jpg?v=1705821798,4,,,,,,,,,,,,,,,,,,,,,,,,,,
nora-wool-dress-clay-dr-9207a,,,,,,,,,,,,,,,,,,,,,,,,,https://cdn.shopify.com/s/files/1/0678/8415/5132/products/3_0020.jpg?v=1705821798,5,,,,,,,,,,,,,,,,,,,,,,,,,,
nora-wool-dress-clay-dr-9207a,,,,,,,,,,,,,,,,,,,,,,,,,https://cdn.shopify.com/s/files/1/0678/8415/5132/products/9_0059.jpg?v=1705821798,6,,,,,,,,,,,,,,,,,,,,,,,,,,
nora-wool-dress-clay-dr-9207a,,,,,,,,,,,,,,,,,,,,,,,,,https://cdn.shopify.com/s/files/1/0678/8415/5132/products/4_0028.jpg?v=1705821798,7,,,,,,,,,,,,,,,,,,,,,,,,,,
nora-wool-dress-clay-dr-9207a,,,,,,,,,,,,,,,,,,,,,,,,,https://cdn.shopify.com/s/files/1/0678/8415/5132/products/6_0047.jpg?v=1705821798,8,,,,,,,,,,,,,,,,,,,,,,,,,,
nora-wool-dress-clay-dr-9207a,,,,,,,,,,,,,,,,,,,,,,,,,https://cdn.shopify.com/s/files/1/0678/8415/5132/products/5_0006.jpg?v=1705821798,9,,,,,,,,,,,,,,,,,,,,,,,,,,
nora-wool-dress-clay-dr-9207a,,,,,,,,,,,,,,,,,,,,,,,,,https://cdn.shopify.com/s/files/1/0678/8415/5132/products/11_0069.jpg?v=1705821798,10,,,,,,,,,,,,,,,,,,,,,,,,,,
zaina-metallic-wrap-dress-lavender-dr-9010b,Zaina Metallic Wrap Dress - Lavender,"<p>A classic forever wrap dress in our signature soft hand-woven metallic linen with a pop coloured selvedge, full sleeves, light gathers and adjustable brass buttons.</p>",SALE IS LIVE ,,Dresses,Copy AI,TRUE,Size,XS,,,,,DR-9010B,1000,,100,deny,manual,349,1299,TRUE,TRUE,,https://cdn.shopify.com/s/files/1/0678/8415/5132/products/ffArtboard91.jpg?v=1705821771,1,,FALSE,,,,,,,,,,,,,,,kg,,,TRUE,,,TRUE,,,active
zaina-metallic-wrap-dress-lavender-dr-9010b,,,,,,,,,S,,,,,DR-9010B,1000,,100,deny,manual,349,1299,TRUE,TRUE,,https://cdn.shopify.com/s/files/1/0678/8415/5132/products/LavendrArtboard19.jpg?v=1705821771,2,,,,,,,,,,,,,,,,,kg,,,,,,,,,
zaina-metallic-wrap-dress-lavender-dr-9010b,,,,,,,,,M,,,,,DR-9010B,1000,,100,deny,manual,349,1299,TRUE,TRUE,,https://cdn.shopify.com/s/files/1/0678/8415/5132/products/LavendrArtboard15.jpg?v=1705821771,3,,,,,,,,,,,,,,,,,kg,,,,,,,,,
zaina-metallic-wrap-dress-lavender-dr-9010b,,,,,,,,,L,,,,,DR-9010B,1000,,100,deny,manual,349,1299,TRUE,TRUE,,https://cdn.shopify.com/s/files/1/0678/8415/5132/products/LavendrArtboard18.jpg?v=1705821771,4,,,,,,,,,,,,,,,,,kg,,,,,,,,,
zaina-metallic-wrap-dress-lavender-dr-9010b,,,,,,,,,XL,,,,,DR-9010B,1000,,100,deny,manual,349,1299,TRUE,TRUE,,https://cdn.shopify.com/s/files/1/0678/8415/5132/products/LavendrArtboard20.jpg?v=1705821771,5,,,,,,,,,,,,,,,,,kg,,,,,,,,,
zaina-metallic-wrap-dress-lavender-dr-9010b,,,,,,,,,XXL,,,,,DR-9010B,1000,,100,deny,manual,349,1299,TRUE,TRUE,,https://cdn.shopify.com/s/files/1/0678/8415/5132/products/LavendrArtboard16.jpg?v=1705821771,6,,,,,,,,,,,,,,,,,kg,,,,,,,,,
mika-botanical-wrap-dress-fern-dr-8611b,Mika Botanical Wrap Dress - Fern,"<p>An elegant wrap dress in our soft handwoven linen finished with a pop coloured woven selvedge; printed in a hand-illustrated multi-coloured floral bouquet print. The dress has pockets, 3/4th sleeves with a slight puff and adjustable buttons with linen fabric detailed with thread embroidery.</p>",SALE IS LIVE ,,Dresses,Copy AI,TRUE,Size,XS,,,,,DR-8611B-XS,1000,,100,deny,manual,349,1299,TRUE,TRUE,,https://cdn.shopify.com/s/files/1/0678/8415/5132/products/Manan5476.jpg?v=1705821754,1,,FALSE,,,,,,,,,,,,,,,kg,,,TRUE,,,TRUE,,,active
mika-botanical-wrap-dress-fern-dr-8611b,,,,,,,,,S,,,,,DR-8611B-S,1000,,100,deny,manual,349,1299,TRUE,TRUE,,https://cdn.shopify.com/s/files/1/0678/8415/5132/products/Manan5508.jpg?v=1705821754,2,,,,,,,,,,,,,,,,,kg,,,,,,,,,
mika-botanical-wrap-dress-fern-dr-8611b,,,,,,,,,M,,,,,DR-8611B-M,1000,,100,deny,manual,349,1299,TRUE,TRUE,,https://cdn.shopify.com/s/files/1/0678/8415/5132/products/Manan5507.jpg?v=1705821754,3,,,,,,,,,,,,,,,,,kg,,,,,,,,,
mika-botanical-wrap-dress-fern-dr-8611b,,,,,,,,,L,,,,,DR-8611B-L,1000,,100,deny,manual,349,1299,TRUE,TRUE,,https://cdn.shopify.com/s/files/1/0678/8415/5132/products/back.jpg?v=1705821754,4,,,,,,,,,,,,,,,,,kg,,,,,,,,,
mika-botanical-wrap-dress-fern-dr-8611b,,,,,,,,,XL,,,,,DR-8611B-XL,1000,,100,deny,manual,349,1299,TRUE,TRUE,,https://cdn.shopify.com/s/files/1/0678/8415/5132/products/Manan5493.jpg?v=1705821754,5,,,,,,,,,,,,,,,,,kg,,,,,,,,,
mika-botanical-wrap-dress-fern-dr-8611b,,,,,,,,,XXL,,,,,DR-8611B-XXL,1000,,100,deny,manual,349,1299,TRUE,TRUE,,https://cdn.shopify.com/s/files/1/0678/8415/5132/products/Manan5495.jpg?v=1705821754,6,,,,,,,,,,,,,,,,,kg,,,,,,,,,
mika-botanical-wrap-dress-fern-dr-8611b,,,,,,,,,,,,,,,,,,,,,,,,,https://cdn.shopify.com/s/files/1/0678/8415/5132/products/Manan5496.jpg?v=1705821754,7,,,,,,,,,,,,,,,,,,,,,,,,,,
mika-botanical-wrap-dress-fern-dr-8611b,,,,,,,,,,,,,,,,,,,,,,,,,https://cdn.shopify.com/s/files/1/0678/8415/5132/products/Manan5506.jpg?v=1705821754,8,,,,,,,,,,,,,,,,,,,,,,,,,,
shira-cowl-neck-dress-black-dr-9011a,Shira Cowl Neck Dress - Black,<p>One of our old favourites - the cowl neck sleeveless dress reimagined in our signature soft handwoven metallic linen with a pop coloured selvedge - pair it with a classic jacket or statement hoops for the perfect look.</p>,SALE IS LIVE ,,Dresses,Copy AI,TRUE,Size,XS,,,,,DR-9011A,1000,,100,deny,manual,349,1299,TRUE,TRUE,,https://cdn.shopify.com/s/files/1/0678/8415/5132/products/BlackArtboard50.jpg?v=1705821731,1,,FALSE,,,,,,,,,,,,,,,kg,,,TRUE,,,TRUE,,,active
shira-cowl-neck-dress-black-dr-9011a,,,,,,,,,S,,,,,DR-9011A,1000,,100,deny,manual,349,1299,TRUE,TRUE,,https://cdn.shopify.com/s/files/1/0678/8415/5132/products/For-KaanjjArtboard12.jpg?v=1705821731,2,,,,,,,,,,,,,,,,,kg,,,,,,,,,
shira-cowl-neck-dress-black-dr-9011a,,,,,,,,,M,,,,,DR-9011A,1000,,100,deny,manual,349,1299,TRUE,TRUE,,https://cdn.shopify.com/s/files/1/0678/8415/5132/products/For-KaanjjArtboard4.jpg?v=1705821731,3,,,,,,,,,,,,,,,,,kg,,,,,,,,,
shira-cowl-neck-dress-black-dr-9011a,,,,,,,,,L,,,,,DR-9011A,1000,,100,deny,manual,349,1299,TRUE,TRUE,,https://cdn.shopify.com/s/files/1/0678/8415/5132/products/BlackArtboard53.jpg?v=1705821731,4,,,,,,,,,,,,,,,,,kg,,,,,,,,,
shira-cowl-neck-dress-black-dr-9011a,,,,,,,,,XL,,,,,DR-9011A,1000,,100,deny,manual,349,1299,TRUE,TRUE,,https://cdn.shopify.com/s/files/1/0678/8415/5132/products/For-KaanjjArtboard1.jpg?v=1705821731,5,,,,,,,,,,,,,,,,,kg,,,,,,,,,
shira-cowl-neck-dress-black-dr-9011a,,,,,,,,,XXL,,,,,DR-9011A,1000,,100,deny,manual,349,1299,TRUE,TRUE,,https://cdn.shopify.com/s/files/1/0678/8415/5132/products/For-KaanjjArtboard2.jpg?v=1705821731,6,,,,,,,,,,,,,,,,,kg,,,,,,,,,
shira-cowl-neck-dress-black-dr-9011a,,,,,,,,,,,,,,,,,,,,,,,,,https://cdn.shopify.com/s/files/1/0678/8415/5132/products/For-KaanjjArtboard5.jpg?v=1705821731,7,,,,,,,,,,,,,,,,,,,,,,,,,,
rysa-sleeveless-silk-dress-fuchsia-rose-dr-9111a,Rysa Sleeveless Silk Dress - Fuchsia Rose,"<p>A sleeveless ankle length dress in our bespoke handwoven handwoven eri silk with broad woven stripes and metallic yarn. The Rysa dress is designed in panels placed in horizontal and vertical directions, with a key-hole at the back and one side slit. The Rysa dress pairs beautifully with our silk blazers and hand-embroidered overlays.</p>",SALE IS LIVE ,,Dresses,Copy AI,TRUE,Top Size,XS,,,,,DR-9111A-XS,1000,,100,deny,manual,349,1299,TRUE,TRUE,,https://cdn.shopify.com/s/files/1/0678/8415/5132/products/4376_301.jpg?v=1705821713,1,,FALSE,,,,,,,,,,,,,,,kg,,,TRUE,,,TRUE,,,active
rysa-sleeveless-silk-dress-fuchsia-rose-dr-9111a,,,,,,,,,S,,,,,DR-9111A-S,1000,,100,deny,manual,349,1299,TRUE,TRUE,,https://cdn.shopify.com/s/files/1/0678/8415/5132/products/4383_308.jpg?v=1705821713,2,,,,,,,,,,,,,,,,,kg,,,,,,,,,
rysa-sleeveless-silk-dress-fuchsia-rose-dr-9111a,,,,,,,,,M,,,,,DR-9111A-M,1000,,100,deny,manual,349,1299,TRUE,TRUE,,https://cdn.shopify.com/s/files/1/0678/8415/5132/products/4379_303.jpg?v=1705821713,3,,,,,,,,,,,,,,,,,kg,,,,,,,,,
rysa-sleeveless-silk-dress-fuchsia-rose-dr-9111a,,,,,,,,,L,,,,,DR-9111A-L,1000,,100,deny,manual,349,1299,TRUE,TRUE,,https://cdn.shopify.com/s/files/1/0678/8415/5132/products/4384_304.jpg?v=1705821713,4,,,,,,,,,,,,,,,,,kg,,,,,,,,,
rysa-sleeveless-silk-dress-fuchsia-rose-dr-9111a,,,,,,,,,XL,,,,,DR-9111A-XL,1000,,100,deny,manual,349,1299,TRUE,TRUE,,https://cdn.shopify.com/s/files/1/0678/8415/5132/products/4387_305.jpg?v=1705821713,5,,,,,,,,,,,,,,,,,kg,,,,,,,,,
rysa-sleeveless-silk-dress-fuchsia-rose-dr-9111a,,,,,,,,,XXL,,,,,DR-9111A-XXL,1000,,100,deny,manual,349,1299,TRUE,TRUE,,https://cdn.shopify.com/s/files/1/0678/8415/5132/products/4370_300.jpg?v=1705821713,6,,,,,,,,,,,,,,,,,kg,,,,,,,,,
rysa-sleeveless-silk-dress-fuchsia-rose-dr-9111a,,,,,,,,,,,,,,,,,,,,,,,,,https://cdn.shopify.com/s/files/1/0678/8415/5132/products/4392_306_736f3d6b-bb2c-455f-b55a-b2060390c6bf.jpg?v=1705821713,7,,,,,,,,,,,,,,,,,,,,,,,,,,
shira-cowl-neck-dress-lavender-dr-9011b,Shira Cowl Neck Dress - Lavender,<p>One of our old favourites - the cowl neck sleeveless dress reimagined in our signature soft handwoven metallic linen with a pop coloured selvedge - pair it with a classic jacket or statement hoops for the perfect look.</p>,SALE IS LIVE ,,Dresses,Copy AI,TRUE,Size,XS,,,,,DR-9011B,1000,,100,deny,manual,349,1299,TRUE,TRUE,,https://cdn.shopify.com/s/files/1/0678/8415/5132/products/For-KaanjjArtboard13.jpg?v=1705821695,1,,FALSE,,,,,,,,,,,,,,,kg,,,TRUE,,,TRUE,,,active
shira-cowl-neck-dress-lavender-dr-9011b,,,,,,,,,S,,,,,DR-9011B,1000,,100,deny,manual,349,1299,TRUE,TRUE,,https://cdn.shopify.com/s/files/1/0678/8415/5132/products/For-KaanjjArtboard7.jpg?v=1705821695,2,,,,,,,,,,,,,,,,,kg,,,,,,,,,
shira-cowl-neck-dress-lavender-dr-9011b,,,,,,,,,M,,,,,DR-9011B,1000,,100,deny,manual,349,1299,TRUE,TRUE,,https://cdn.shopify.com/s/files/1/0678/8415/5132/products/For-KaanjjArtboard14.jpg?v=1705821695,3,,,,,,,,,,,,,,,,,kg,,,,,,,,,
shira-cowl-neck-dress-lavender-dr-9011b,,,,,,,,,L,,,,,DR-9011B,1000,,100,deny,manual,349,1299,TRUE,TRUE,,https://cdn.shopify.com/s/files/1/0678/8415/5132/products/For-KaanjjArtboard8.jpg?v=1705821695,4,,,,,,,,,,,,,,,,,kg,,,,,,,,,
shira-cowl-neck-dress-lavender-dr-9011b,,,,,,,,,XL,,,,,DR-9011B,1000,,100,deny,manual,349,1299,TRUE,TRUE,,https://cdn.shopify.com/s/files/1/0678/8415/5132/products/For-KaanjjArtboard6.jpg?v=1705821695,5,,,,,,,,,,,,,,,,,kg,,,,,,,,,
shira-cowl-neck-dress-lavender-dr-9011b,,,,,,,,,XXL,,,,,DR-9011B,1000,,100,deny,manual,349,1299,TRUE,TRUE,,https://cdn.shopify.com/s/files/1/0678/8415/5132/products/For-KaanjjArtboard10.jpg?v=1705821695,6,,,,,,,,,,,,,,,,,kg,,,,,,,,,
maya-linen-wrap-dress-charcoal-dr-8710a,Maya Linen Wrap Dress - Charcoal,"<p>Our favourite, most versatile sleeveless wrap dress in soft pure linen - layer it with a jacket or wear it with our statement earrings for the perfect look.</p>",SALE IS LIVE ,,Dresses,Copy AI,TRUE,Size,XS,,,,,DR-8710A-XS,1000,,100,deny,manual,349,1299,TRUE,TRUE,,https://cdn.shopify.com/s/files/1/0678/8415/5132/products/36_312e4c7d-dc09-486d-880c-c21b03d885c5.jpg?v=1705821678,1,,FALSE,,,,,,,,,,,,,,,kg,,,TRUE,,,TRUE,,,active
maya-linen-wrap-dress-charcoal-dr-8710a,,,,,,,,,S,,,,,DR-8710A-S,1000,,100,deny,manual,349,1299,TRUE,TRUE,,https://cdn.shopify.com/s/files/1/0678/8415/5132/products/40_b79d7599-6b6e-441d-a9a5-5c814ef9d3d8.jpg?v=1705821678,2,,,,,,,,,,,,,,,,,kg,,,,,,,,,
maya-linen-wrap-dress-charcoal-dr-8710a,,,,,,,,,M,,,,,DR-8710A-M,1000,,100,deny,manual,349,1299,TRUE,TRUE,,https://cdn.shopify.com/s/files/1/0678/8415/5132/products/37_cd1e6d92-ca50-4f7d-95a7-edf5fc0ab46c.jpg?v=1705821678,3,,,,,,,,,,,,,,,,,kg,,,,,,,,,
maya-linen-wrap-dress-charcoal-dr-8710a,,,,,,,,,L,,,,,DR-8710A-L,1000,,100,deny,manual,349,1299,TRUE,TRUE,,https://cdn.shopify.com/s/files/1/0678/8415/5132/products/38_192bd078-056b-42f7-809a-f22d84fa8a69.jpg?v=1705821678,4,,,,,,,,,,,,,,,,,kg,,,,,,,,,
maya-linen-wrap-dress-charcoal-dr-8710a,,,,,,,,,XL,,,,,DR-8710A-XL,1000,,100,deny,manual,349,1299,TRUE,TRUE,,https://cdn.shopify.com/s/files/1/0678/8415/5132/products/39_08e71ff0-04dd-411b-b710-0c77f6760e28.jpg?v=1705821678,5,,,,,,,,,,,,,,,,,kg,,,,,,,,,
maya-linen-wrap-dress-charcoal-dr-8710a,,,,,,,,,XXL,,,,,DR-8710A-XXL,1000,,100,deny,manual,349,1299,TRUE,TRUE,,,,,,,,,,,,,,,,,,,,kg,,,,,,,,,
faiza-metallic-linen-dress-black-dr-9013a,Faiza Metallic Linen Dress - Black,"<p>A full-length tunic dress with slits, brass buttons in a concealed placket, elbow-length sleeves with cuff in our signature soft handloom metallic linen with a pop coloured selvedge. Classic and timeless, Faiza is wearable for many occasions, both formal and informal</p>",SALE IS LIVE ,,Dresses,Copy AI,TRUE,Size,XS,,,,,DR-9013A,1000,,100,deny,manual,349,1299,TRUE,TRUE,,https://cdn.shopify.com/s/files/1/0678/8415/5132/products/Untitled-1Artboard16_5f6ce9a5-d14c-4fca-9b33-67997e50335e.jpg?v=1705821665,1,,FALSE,,,,,,,,,,,,,,,kg,,,TRUE,,,TRUE,,,active
faiza-metallic-linen-dress-black-dr-9013a,,,,,,,,,S,,,,,DR-9013A,1000,,100,deny,manual,349,1299,TRUE,TRUE,,https://cdn.shopify.com/s/files/1/0678/8415/5132/products/Untitled-1Artboard15_9439bc57-1c14-4ad6-a297-3cb19cd5baa8.jpg?v=1705821665,2,,,,,,,,,,,,,,,,,kg,,,,,,,,,
faiza-metallic-linen-dress-black-dr-9013a,,,,,,,,,M,,,,,DR-9013A,1000,,100,deny,manual,349,1299,TRUE,TRUE,,https://cdn.shopify.com/s/files/1/0678/8415/5132/products/Untitled-1Artboard17.jpg?v=1705821665,3,,,,,,,,,,,,,,,,,kg,,,,,,,,,
faiza-metallic-linen-dress-black-dr-9013a,,,,,,,,,L,,,,,DR-9013A,1000,,100,deny,manual,349,1299,TRUE,TRUE,,https://cdn.shopify.com/s/files/1/0678/8415/5132/products/Untitled-1Artboard19.jpg?v=1705821665,4,,,,,,,,,,,,,,,,,kg,,,,,,,,,
faiza-metallic-linen-dress-black-dr-9013a,,,,,,,,,XL,,,,,DR-9013A,1000,,100,deny,manual,349,1299,TRUE,TRUE,,https://cdn.shopify.com/s/files/1/0678/8415/5132/products/Untitled-1Artboard21.jpg?v=1705821665,5,,,,,,,,,,,,,,,,,kg,,,,,,,,,
faiza-metallic-linen-dress-black-dr-9013a,,,,,,,,,XXL,,,,,DR-9013A,1000,,100,deny,manual,349,1299,TRUE,TRUE,,https://cdn.shopify.com/s/files/1/0678/8415/5132/products/Untitled-1Artboard20_a3a00d21-1cae-439d-91c3-dcd5c16aaa0f.jpg?v=1705821665,6,,,,,,,,,,,,,,,,,kg,,,,,,,,,
faiza-metallic-linen-dress-black-dr-9013a,,,,,,,,,,,,,,,,,,,,,,,,,https://cdn.shopify.com/s/files/1/0678/8415/5132/products/Untitled-1Artboard18.jpg?v=1705821665,7,,,,,,,,,,,,,,,,,,,,,,,,,,
kanami-botanical-linen-dress-fern-dr-8615b,Kanami Botanical Linen Dress - Fern,<p>An A-line botanical printed linen dress with pockets handcrafted in our handwoven linen with a self-woven pop-coloured selvedge. The botanical print is a hand-illustrated design printed as a bouquet of multi-coloured flowers and the dress has a cut-out detail at the back with pintucks running down the centre of the back.</p>,SALE IS LIVE ,,Dresses,Copy AI,TRUE,Size,XS,,,,,DR-8615B-XS,1000,,100,deny,manual,349,1299,TRUE,TRUE,,https://cdn.shopify.com/s/files/1/0678/8415/5132/products/Manan5893.jpg?v=1705821646,1,,FALSE,,,,,,,,,,,,,,,kg,,,TRUE,,,TRUE,,,active
kanami-botanical-linen-dress-fern-dr-8615b,,,,,,,,,S,,,,,DR-8615B-S,1000,,100,deny,manual,349,1299,TRUE,TRUE,,https://cdn.shopify.com/s/files/1/0678/8415/5132/products/Manan5906.jpg?v=1705821646,2,,,,,,,,,,,,,,,,,kg,,,,,,,,,
kanami-botanical-linen-dress-fern-dr-8615b,,,,,,,,,M,,,,,DR-8615B-M,1000,,100,deny,manual,349,1299,TRUE,TRUE,,https://cdn.shopify.com/s/files/1/0678/8415/5132/products/Manan5901.jpg?v=1705821646,3,,,,,,,,,,,,,,,,,kg,,,,,,,,,
kanami-botanical-linen-dress-fern-dr-8615b,,,,,,,,,L,,,,,DR-8615B-L,1000,,100,deny,manual,349,1299,TRUE,TRUE,,https://cdn.shopify.com/s/files/1/0678/8415/5132/products/Manan5902.jpg?v=1705821646,4,,,,,,,,,,,,,,,,,kg,,,,,,,,,
kanami-botanical-linen-dress-fern-dr-8615b,,,,,,,,,XL,,,,,DR-8615B-XL,1000,,100,deny,manual,349,1299,TRUE,TRUE,,https://cdn.shopify.com/s/files/1/0678/8415/5132/products/Manan5905.jpg?v=1705821646,5,,,,,,,,,,,,,,,,,kg,,,,,,,,,
kanami-botanical-linen-dress-fern-dr-8615b,,,,,,,,,XXL,,,,,DR-8615B-XXL,1000,,100,deny,manual,349,1299,TRUE,TRUE,,,,,,,,,,,,,,,,,,,,kg,,,,,,,,,
rachida-hand-embroidered-dress-terra-dr-8312b,Rachida Hand-Embroidered Dress - Terra,<p>A statement boat-neck hand-embroidered dress handcrafted in our bespoke handloom linen fabric with a metallic handwoven border at the hem and 3/4th bell sleeves.</p>,SALE IS LIVE ,,Dresses,Copy AI,TRUE,Top Size,XS,,,,,DR-8312B-XS,1000,,100,deny,manual,349,1299,TRUE,TRUE,,https://cdn.shopify.com/s/files/1/0678/8415/5132/products/untitled_capture0536.jpg?v=1705821631,1,,FALSE,,,,,,,,,,,,,,,kg,,,TRUE,,,TRUE,,,active
rachida-hand-embroidered-dress-terra-dr-8312b,,,,,,,,,S,,,,,DR-8312B-S,1000,,100,deny,manual,349,1299,TRUE,TRUE,,https://cdn.shopify.com/s/files/1/0678/8415/5132/products/artboard_13.png?v=1705821631,2,,,,,,,,,,,,,,,,,kg,,,,,,,,,
rachida-hand-embroidered-dress-terra-dr-8312b,,,,,,,,,M,,,,,DR-8312B-M,1000,,100,deny,manual,349,1299,TRUE,TRUE,,https://cdn.shopify.com/s/files/1/0678/8415/5132/products/untitled_capture0531.jpg?v=1705821631,3,,,,,,,,,,,,,,,,,kg,,,,,,,,,
rachida-hand-embroidered-dress-terra-dr-8312b,,,,,,,,,L,,,,,DR-8312B-L,1000,,100,deny,manual,349,1299,TRUE,TRUE,,https://cdn.shopify.com/s/files/1/0678/8415/5132/products/artboard_14.png?v=1705821631,4,,,,,,,,,,,,,,,,,kg,,,,,,,,,
rachida-hand-embroidered-dress-terra-dr-8312b,,,,,,,,,XL,,,,,DR-8312B-XL,1000,,100,deny,manual,349,1299,TRUE,TRUE,,https://cdn.shopify.com/s/files/1/0678/8415/5132/products/artboard_12.png?v=1705821631,5,,,,,,,,,,,,,,,,,kg,,,,,,,,,
rachida-hand-embroidered-dress-terra-dr-8312b,,,,,,,,,XXL,,,,,DR-8312B-XXL,1000,,100,deny,manual,349,1299,TRUE,TRUE,,https://cdn.shopify.com/s/files/1/0678/8415/5132/products/untitled_capture0541.jpg?v=1705821631,6,,,,,,,,,,,,,,,,,kg,,,,,,,,,
rachida-hand-embroidered-dress-terra-dr-8312b,,,,,,,,,,,,,,,,,,,,,,,,,https://cdn.shopify.com/s/files/1/0678/8415/5132/products/untitled_capture0553.jpg?v=1705821631,7,,,,,,,,,,,,,,,,,,,,,,,,,,
ahana-metallic-linen-dress-lavender-dr-9006b,Ahana Metallic Linen Dress - Lavender,<p>A timeless soft metallic linen dress with a flattering low back with a hand-beaded band and 3/4th sleeves in our soft handwoven metallic linen.</p>,SALE IS LIVE ,,Dresses,Copy AI,TRUE,Size,XS,,,,,DR-9006B,1000,,100,deny,manual,349,1299,TRUE,TRUE,,https://cdn.shopify.com/s/files/1/0678/8415/5132/products/LavendrArtboard64.jpg?v=1705821617,1,,FALSE,,,,,,,,,,,,,,,kg,,,TRUE,,,TRUE,,,active
ahana-metallic-linen-dress-lavender-dr-9006b,,,,,,,,,S,,,,,DR-9006B,1000,,100,deny,manual,349,1299,TRUE,TRUE,,https://cdn.shopify.com/s/files/1/0678/8415/5132/products/LavendrArtboard45.jpg?v=1705821617,2,,,,,,,,,,,,,,,,,kg,,,,,,,,,
ahana-metallic-linen-dress-lavender-dr-9006b,,,,,,,,,M,,,,,DR-9006B,1000,,100,deny,manual,349,1299,TRUE,TRUE,,https://cdn.shopify.com/s/files/1/0678/8415/5132/products/LavendrArtboard66.jpg?v=1705821617,3,,,,,,,,,,,,,,,,,kg,,,,,,,,,
ahana-metallic-linen-dress-lavender-dr-9006b,,,,,,,,,L,,,,,DR-9006B,1000,,100,deny,manual,349,1299,TRUE,TRUE,,https://cdn.shopify.com/s/files/1/0678/8415/5132/products/LavendrArtboard67.jpg?v=1705821617,4,,,,,,,,,,,,,,,,,kg,,,,,,,,,
ahana-metallic-linen-dress-lavender-dr-9006b,,,,,,,,,XL,,,,,DR-9006B,1000,,100,deny,manual,349,1299,TRUE,TRUE,,https://cdn.shopify.com/s/files/1/0678/8415/5132/products/LavendrArtboard65.jpg?v=1705821617,5,,,,,,,,,,,,,,,,,kg,,,,,,,,,
ahana-metallic-linen-dress-lavender-dr-9006b,,,,,,,,,XXL,,,,,DR-9006B,1000,,100,deny,manual,349,1299,TRUE,TRUE,,https://cdn.shopify.com/s/files/1/0678/8415/5132/products/LavendrArtboard44.jpg?v=1705821617,6,,,,,,,,,,,,,,,,,kg,,,,,,,,,
ren-pintucked-linen-dress-blush-dr-4002a-blush,Ren Pintucked Linen Dress - Blush,"<p>Handloom linen dress with a two coloured woven border, intricate hand-pintuck detailing in 2 coloured threads and comfortable pockets </p>",SALE IS LIVE ,,Dresses,Copy AI,TRUE,Top Size,XS,Add Slip,No Slip,,,DR-4002A-Blush-XS--slip,1000,,100,deny,manual,349,1299,TRUE,TRUE,,https://cdn.shopify.com/s/files/1/0678/8415/5132/products/24-4.jpg?v=1705821600,1,,FALSE,,,,,,,,,,,,,,,kg,,,TRUE,,,TRUE,,,active
ren-pintucked-linen-dress-blush-dr-4002a-blush,,,,,,,,,XS,,Add Slip + INR 1800,,,,1000,,100,deny,manual,349,1299,TRUE,TRUE,,https://cdn.shopify.com/s/files/1/0678/8415/5132/products/24-3.jpg?v=1705821600,2,,,,,,,,,,,,,,,,,kg,,,,,,,,,
ren-pintucked-linen-dress-blush-dr-4002a-blush,,,,,,,,,S,,No Slip,,,DR-4002A-Blush-S--slip,1000,,100,deny,manual,349,1299,TRUE,TRUE,,https://cdn.shopify.com/s/files/1/0678/8415/5132/products/24-2.jpg?v=1705821600,3,,,,,,,,,,,,,,,,,kg,,,,,,,,,
ren-pintucked-linen-dress-blush-dr-4002a-blush,,,,,,,,,S,,Add Slip + INR 1800,,,,1000,,100,deny,manual,349,1299,TRUE,TRUE,,https://cdn.shopify.com/s/files/1/0678/8415/5132/products/24-1.jpg?v=1705821600,4,,,,,,,,,,,,,,,,,kg,,,,,,,,,
ren-pintucked-linen-dress-blush-dr-4002a-blush,,,,,,,,,M,,No Slip,,,DR-4002A-Blush-M--slip,1000,,100,deny,manual,349,1299,TRUE,TRUE,,https://cdn.shopify.com/s/files/1/0678/8415/5132/products/24-5.jpg?v=1705821600,5,,,,,,,,,,,,,,,,,kg,,,,,,,,,
ren-pintucked-linen-dress-blush-dr-4002a-blush,,,,,,,,,M,,Add Slip + INR 1800,,,,1000,,100,deny,manual,349,1299,TRUE,TRUE,,,,,,,,,,,,,,,,,,,,kg,,,,,,,,,
ren-pintucked-linen-dress-blush-dr-4002a-blush,,,,,,,,,L,,No Slip,,,DR-4002A-Blush-L--slip,1000,,100,deny,manual,349,1299,TRUE,TRUE,,,,,,,,,,,,,,,,,,,,kg,,,,,,,,,
ren-pintucked-linen-dress-blush-dr-4002a-blush,,,,,,,,,L,,Add Slip + INR 1800,,,,1000,,100,deny,manual,349,1299,TRUE,TRUE,,,,,,,,,,,,,,,,,,,,kg,,,,,,,,,
ren-pintucked-linen-dress-blush-dr-4002a-blush,,,,,,,,,XL,,No Slip,,,DR-4002A-Blush-XL--slip,1000,,100,deny,manual,349,1299,TRUE,TRUE,,,,,,,,,,,,,,,,,,,,kg,,,,,,,,,
ren-pintucked-linen-dress-blush-dr-4002a-blush,,,,,,,,,XL,,Add Slip + INR 1800,,,,1000,,100,deny,manual,349,1299,TRUE,TRUE,,,,,,,,,,,,,,,,,,,,kg,,,,,,,,,
ren-pintucked-linen-dress-blush-dr-4002a-blush,,,,,,,,,XXL,,No Slip,,,DR-4002A-Blush-XXL--slip,1000,,100,deny,manual,349,1299,TRUE,TRUE,,,,,,,,,,,,,,,,,,,,kg,,,,,,,,,
ren-pintucked-linen-dress-blush-dr-4002a-blush,,,,,,,,,XXL,,Add Slip + INR 1800,,,,1000,,100,deny,manual,349,1299,TRUE,TRUE,,,,,,,,,,,,,,,,,,,,kg,,,,,,,,,
ahana-metallic-linen-dress-black-dr-9006a,Ahana Metallic Linen Dress - Black,<p>A timeless soft metallic linen dress with a flattering low back with a hand-beaded band and 3/4th sleeves in our soft handwoven metallic linen. </p>,SALE IS LIVE ,,Dresses,Copy AI,TRUE,Size,XS,,,,,DR-9006A,1000,,100,deny,manual,349,1299,TRUE,TRUE,,https://cdn.shopify.com/s/files/1/0678/8415/5132/products/BlackArtboard54.jpg?v=1705821590,1,,FALSE,,,,,,,,,,,,,,,kg,,,TRUE,,,TRUE,,,active
ahana-metallic-linen-dress-black-dr-9006a,,,,,,,,,S,,,,,DR-9006A,1000,,100,deny,manual,349,1299,TRUE,TRUE,,https://cdn.shopify.com/s/files/1/0678/8415/5132/products/Untitled-1Artboard24.jpg?v=1705821590,2,,,,,,,,,,,,,,,,,kg,,,,,,,,,
ahana-metallic-linen-dress-black-dr-9006a,,,,,,,,,M,,,,,DR-9006A,1000,,100,deny,manual,349,1299,TRUE,TRUE,,https://cdn.shopify.com/s/files/1/0678/8415/5132/products/Untitled-1Artboard23.jpg?v=1705821590,3,,,,,,,,,,,,,,,,,kg,,,,,,,,,
ahana-metallic-linen-dress-black-dr-9006a,,,,,,,,,L,,,,,DR-9006A,1000,,100,deny,manual,349,1299,TRUE,TRUE,,https://cdn.shopify.com/s/files/1/0678/8415/5132/products/Untitled-1Artboard26.jpg?v=1705821590,4,,,,,,,,,,,,,,,,,kg,,,,,,,,,
ahana-metallic-linen-dress-black-dr-9006a,,,,,,,,,XL,,,,,DR-9006A,1000,,100,deny,manual,349,1299,TRUE,TRUE,,https://cdn.shopify.com/s/files/1/0678/8415/5132/products/Untitled-1Artboard25.jpg?v=1705821590,5,,,,,,,,,,,,,,,,,kg,,,,,,,,,
ahana-metallic-linen-dress-black-dr-9006a,,,,,,,,,XXL,,,,,DR-9006A,1000,,100,deny,manual,349,1299,TRUE,TRUE,,https://cdn.shopify.com/s/files/1/0678/8415/5132/products/Untitled-1Artboard27.jpg?v=1705821590,6,,,,,,,,,,,,,,,,,kg,,,,,,,,,
ahana-metallic-linen-dress-black-dr-9006a,,,,,,,,,,,,,,,,,,,,,,,,,https://cdn.shopify.com/s/files/1/0678/8415/5132/products/Untitled-1Artboard22.jpg?v=1705821590,7,,,,,,,,,,,,,,,,,,,,,,,,,,
kanami-botanical-linen-dress-ivory-dr-8615a,Kanami Botanical Linen Dress - Ivory,<p>An A-line botanical printed linen dress with pockets handcrafted in our handwoven linen with a self-woven pop-coloured selvedge. The botanical print is a hand-illustrated design printed as a bouquet of multi-coloured flowers and the dress has a cut-out detail at the back with pintucks running down the centre of the back.</p>,SALE IS LIVE ,,Dresses,Copy AI,TRUE,Size,XS,Add Slip,No Slip,,,DR-8615A-XS,1000,,100,deny,manual,349,1299,TRUE,TRUE,,https://cdn.shopify.com/s/files/1/0678/8415/5132/products/37_d5934ef2-9c45-4c12-b013-9c199477275e.jpg?v=1705821573,1,,FALSE,,,,,,,,,,,,,,,kg,,,TRUE,,,TRUE,,,active
kanami-botanical-linen-dress-ivory-dr-8615a,,,,,,,,,XS,,Add Slip + INR 1600,,,,1000,,100,deny,manual,349,1299,TRUE,TRUE,,https://cdn.shopify.com/s/files/1/0678/8415/5132/products/Manan5761.jpg?v=1705821573,2,,,,,,,,,,,,,,,,,kg,,,,,,,,,
kanami-botanical-linen-dress-ivory-dr-8615a,,,,,,,,,S,,No Slip,,,DR-8615A-S,1000,,100,deny,manual,349,1299,TRUE,TRUE,,https://cdn.shopify.com/s/files/1/0678/8415/5132/products/38_03454007-ce80-43f6-a1b8-f0dc504baeda.jpg?v=1705821573,3,,,,,,,,,,,,,,,,,kg,,,,,,,,,
kanami-botanical-linen-dress-ivory-dr-8615a,,,,,,,,,S,,Add Slip + INR 1600,,,,1000,,100,deny,manual,349,1299,TRUE,TRUE,,https://cdn.shopify.com/s/files/1/0678/8415/5132/products/Manan5779.jpg?v=1705821573,4,,,,,,,,,,,,,,,,,kg,,,,,,,,,
kanami-botanical-linen-dress-ivory-dr-8615a,,,,,,,,,M,,No Slip,,,DR-8615A-M,1000,,100,deny,manual,349,1299,TRUE,TRUE,,https://cdn.shopify.com/s/files/1/0678/8415/5132/products/Manan5786.jpg?v=1705821573,5,,,,,,,,,,,,,,,,,kg,,,,,,,,,
kanami-botanical-linen-dress-ivory-dr-8615a,,,,,,,,,M,,Add Slip + INR 1600,,,,1000,,100,deny,manual,349,1299,TRUE,TRUE,,https://cdn.shopify.com/s/files/1/0678/8415/5132/products/Manan5760.jpg?v=1705821573,6,,,,,,,,,,,,,,,,,kg,,,,,,,,,
kanami-botanical-linen-dress-ivory-dr-8615a,,,,,,,,,L,,No Slip,,,DR-8615A-L,1000,,100,deny,manual,349,1299,TRUE,TRUE,,https://cdn.shopify.com/s/files/1/0678/8415/5132/products/Manan5762.jpg?v=1705821573,7,,,,,,,,,,,,,,,,,kg,,,,,,,,,
kanami-botanical-linen-dress-ivory-dr-8615a,,,,,,,,,L,,Add Slip + INR 1600,,,,1000,,100,deny,manual,349,1299,TRUE,TRUE,,https://cdn.shopify.com/s/files/1/0678/8415/5132/products/Manan5769.jpg?v=1705821573,8,,,,,,,,,,,,,,,,,kg,,,,,,,,,
kanami-botanical-linen-dress-ivory-dr-8615a,,,,,,,,,XL,,No Slip,,,DR-8615A-XL,1000,,100,deny,manual,349,1299,TRUE,TRUE,,https://cdn.shopify.com/s/files/1/0678/8415/5132/products/Manan5774.jpg?v=1705821573,9,,,,,,,,,,,,,,,,,kg,,,,,,,,,
kanami-botanical-linen-dress-ivory-dr-8615a,,,,,,,,,XL,,Add Slip + INR 1600,,,,1000,,100,deny,manual,349,1299,TRUE,TRUE,,https://cdn.shopify.com/s/files/1/0678/8415/5132/products/36_9c35de8c-d7dd-4533-97f8-a3cab5c593c6.jpg?v=1705821573,10,,,,,,,,,,,,,,,,,kg,,,,,,,,,
kanami-botanical-linen-dress-ivory-dr-8615a,,,,,,,,,XXL,,No Slip,,,DR-8615A-XXL,1000,,100,deny,manual,349,1299,TRUE,TRUE,,,,,,,,,,,,,,,,,,,,kg,,,,,,,,,
kanami-botanical-linen-dress-ivory-dr-8615a,,,,,,,,,XXL,,Add Slip + INR 1600,,,,1000,,100,deny,manual,349,1299,TRUE,TRUE,,,,,,,,,,,,,,,,,,,,kg,,,,,,,,,
niko-handloom-linen-dress-blush-dr-4005a-blush,Niko Handloom Linen Dress - Blush,<p>Our favourite sleeveless summer dress with a handwoven two coloured woven stripe accented with a soft metallic yarn vertical stripe. Can be worn as a dress and pairs beautifully with tapered or flared pants.</p>,SALE IS LIVE ,,Dresses,Copy AI,TRUE,Top Size,XS,Add Slip,No Slip,,,DR-4005A-Blush-XS--slip,1000,,100,deny,manual,349,1299,TRUE,TRUE,,https://cdn.shopify.com/s/files/1/0678/8415/5132/products/23-4.jpg?v=1705821546,1,,FALSE,,,,,,,,,,,,,,,kg,,,TRUE,,,TRUE,,,active
niko-handloom-linen-dress-blush-dr-4005a-blush,,,,,,,,,XS,,Add Slip + INR 1900,,,,1000,,100,deny,manual,349,1299,TRUE,TRUE,,https://cdn.shopify.com/s/files/1/0678/8415/5132/products/23-2.jpg?v=1705821546,2,,,,,,,,,,,,,,,,,kg,,,,,,,,,
niko-handloom-linen-dress-blush-dr-4005a-blush,,,,,,,,,S,,No Slip,,,DR-4005A-Blush-S--slip,1000,,100,deny,manual,349,1299,TRUE,TRUE,,https://cdn.shopify.com/s/files/1/0678/8415/5132/products/23-1.jpg?v=1705821546,3,,,,,,,,,,,,,,,,,kg,,,,,,,,,
niko-handloom-linen-dress-blush-dr-4005a-blush,,,,,,,,,S,,Add Slip + INR 1900,,,,1000,,100,deny,manual,349,1299,TRUE,TRUE,,https://cdn.shopify.com/s/files/1/0678/8415/5132/products/23-3.jpg?v=1705821546,4,,,,,,,,,,,,,,,,,kg,,,,,,,,,
niko-handloom-linen-dress-blush-dr-4005a-blush,,,,,,,,,M,,No Slip,,,DR-4005A-Blush-M--slip,1000,,100,deny,manual,349,1299,TRUE,TRUE,,,,,,,,,,,,,,,,,,,,kg,,,,,,,,,
niko-handloom-linen-dress-blush-dr-4005a-blush,,,,,,,,,M,,Add Slip + INR 1900,,,,1000,,100,deny,manual,349,1299,TRUE,TRUE,,,,,,,,,,,,,,,,,,,,kg,,,,,,,,,
niko-handloom-linen-dress-blush-dr-4005a-blush,,,,,,,,,L,,No Slip,,,DR-4005A-Blush-L--slip,1000,,100,deny,manual,349,1299,TRUE,TRUE,,,,,,,,,,,,,,,,,,,,kg,,,,,,,,,
niko-handloom-linen-dress-blush-dr-4005a-blush,,,,,,,,,L,,Add Slip + INR 1900,,,,1000,,100,deny,manual,349,1299,TRUE,TRUE,,,,,,,,,,,,,,,,,,,,kg,,,,,,,,,
niko-handloom-linen-dress-blush-dr-4005a-blush,,,,,,,,,XL,,No Slip,,,DR-4005A-Blush-XL--slip,1000,,100,deny,manual,349,1299,TRUE,TRUE,,,,,,,,,,,,,,,,,,,,kg,,,,,,,,,
niko-handloom-linen-dress-blush-dr-4005a-blush,,,,,,,,,XL,,Add Slip + INR 1900,,,,1000,,100,deny,manual,349,1299,TRUE,TRUE,,,,,,,,,,,,,,,,,,,,kg,,,,,,,,,
niko-handloom-linen-dress-blush-dr-4005a-blush,,,,,,,,,XXL,,No Slip,,,DR-4005A-Blush-XXL--slip,1000,,100,deny,manual,349,1299,TRUE,TRUE,,,,,,,,,,,,,,,,,,,,kg,,,,,,,,,
niko-handloom-linen-dress-blush-dr-4005a-blush,,,,,,,,,XXL,,Add Slip + INR 1900,,,,1000,,100,deny,manual,349,1299,TRUE,TRUE,,,,,,,,,,,,,,,,,,,,kg,,,,,,,,,
niko-handloom-linen-dress-ivory-dr-4005b-ivory,Niko Handloom Linen Dress - Ivory,<p>Our favourite sleeveless summer dress with a handwoven two coloured woven stripe accented with a soft metallic yarn vertical stripe. Can be worn as a dress and pairs beautifully with tapered or flared pants.</p>,SALE IS LIVE ,,Dresses,Copy AI,TRUE,Top Size,XS,Add Slip,No Slip,,,DR-4005B-Ivory-XS--slip,1000,,100,deny,manual,349,1299,TRUE,TRUE,,https://cdn.shopify.com/s/files/1/0678/8415/5132/products/19-4.jpg?v=1705821540,1,,FALSE,,,,,,,,,,,,,,,kg,,,TRUE,,,TRUE,,,active
niko-handloom-linen-dress-ivory-dr-4005b-ivory,,,,,,,,,XS,,Add Slip + INR 1900,,,,1000,,100,deny,manual,349,1299,TRUE,TRUE,,https://cdn.shopify.com/s/files/1/0678/8415/5132/products/19-3.jpg?v=1705821540,2,,,,,,,,,,,,,,,,,kg,,,,,,,,,
niko-handloom-linen-dress-ivory-dr-4005b-ivory,,,,,,,,,S,,No Slip,,,DR-4005B-Ivory-S--slip,1000,,100,deny,manual,349,1299,TRUE,TRUE,,https://cdn.shopify.com/s/files/1/0678/8415/5132/products/19-1.jpg?v=1705821540,3,,,,,,,,,,,,,,,,,kg,,,,,,,,,
niko-handloom-linen-dress-ivory-dr-4005b-ivory,,,,,,,,,S,,Add Slip + INR 1900,,,,1000,,100,deny,manual,349,1299,TRUE,TRUE,,https://cdn.shopify.com/s/files/1/0678/8415/5132/products/19-2.jpg?v=1705821540,4,,,,,,,,,,,,,,,,,kg,,,,,,,,,
niko-handloom-linen-dress-ivory-dr-4005b-ivory,,,,,,,,,M,,No Slip,,,DR-4005B-Ivory-M--slip,1000,,100,deny,manual,349,1299,TRUE,TRUE,,https://cdn.shopify.com/s/files/1/0678/8415/5132/products/18-4.jpg?v=1705821540,5,,,,,,,,,,,,,,,,,kg,,,,,,,,,
niko-handloom-linen-dress-ivory-dr-4005b-ivory,,,,,,,,,M,,Add Slip + INR 1900,,,,1000,,100,deny,manual,349,1299,TRUE,TRUE,,,,,,,,,,,,,,,,,,,,kg,,,,,,,,,
niko-handloom-linen-dress-ivory-dr-4005b-ivory,,,,,,,,,L,,No Slip,,,DR-4005B-Ivory-L--slip,1000,,100,deny,manual,349,1299,TRUE,TRUE,,,,,,,,,,,,,,,,,,,,kg,,,,,,,,,
niko-handloom-linen-dress-ivory-dr-4005b-ivory,,,,,,,,,L,,Add Slip + INR 1900,,,,1000,,100,deny,manual,349,1299,TRUE,TRUE,,,,,,,,,,,,,,,,,,,,kg,,,,,,,,,
niko-handloom-linen-dress-ivory-dr-4005b-ivory,,,,,,,,,XL,,No Slip,,,DR-4005B-Ivory-XL--slip,1000,,100,deny,manual,349,1299,TRUE,TRUE,,,,,,,,,,,,,,,,,,,,kg,,,,,,,,,
niko-handloom-linen-dress-ivory-dr-4005b-ivory,,,,,,,,,XL,,Add Slip + INR 1900,,,,1000,,100,deny,manual,349,1299,TRUE,TRUE,,,,,,,,,,,,,,,,,,,,kg,,,,,,,,,
niko-handloom-linen-dress-ivory-dr-4005b-ivory,,,,,,,,,XXL,,No Slip,,,DR-4005B-Ivory-XXL--slip,1000,,100,deny,manual,349,1299,TRUE,TRUE,,,,,,,,,,,,,,,,,,,,kg,,,,,,,,,
niko-handloom-linen-dress-ivory-dr-4005b-ivory,,,,,,,,,XXL,,Add Slip + INR 1900,,,,1000,,100,deny,manual,349,1299,TRUE,TRUE,,,,,,,,,,,,,,,,,,,,kg,,,,,,,,,
kiri-signature-linen-dress-lavender-dr-9012b,Kiri Signature Linen Dress - Lavender,"<p>Soft handloom metallic linen dress with boat neck, pockets, subtle gathers at the waist and half sleeves finished with self-woven pop-colored selvedge at the hem and sleeves. Perfect for an outdoor get-together or a relaxed evening look.</p>",SALE IS LIVE ,,Dresses,Copy AI,TRUE,Size,XS,,,,,DR-9012B,1000,,100,deny,manual,349,1299,TRUE,TRUE,,https://cdn.shopify.com/s/files/1/0678/8415/5132/products/LavendrArtboard5.jpg?v=1705821531,1,,FALSE,,,,,,,,,,,,,,,kg,,,TRUE,,,TRUE,,,active
kiri-signature-linen-dress-lavender-dr-9012b,,,,,,,,,S,,,,,DR-9012B,1000,,100,deny,manual,349,1299,TRUE,TRUE,,https://cdn.shopify.com/s/files/1/0678/8415/5132/products/LavendrArtboard7.jpg?v=1705821531,2,,,,,,,,,,,,,,,,,kg,,,,,,,,,
kiri-signature-linen-dress-lavender-dr-9012b,,,,,,,,,M,,,,,DR-9012B,1000,,100,deny,manual,349,1299,TRUE,TRUE,,https://cdn.shopify.com/s/files/1/0678/8415/5132/products/LavendrArtboard4.jpg?v=1705821531,3,,,,,,,,,,,,,,,,,kg,,,,,,,,,
kiri-signature-linen-dress-lavender-dr-9012b,,,,,,,,,L,,,,,DR-9012B,1000,,100,deny,manual,349,1299,TRUE,TRUE,,https://cdn.shopify.com/s/files/1/0678/8415/5132/products/LavendrArtboard6.jpg?v=1705821531,4,,,,,,,,,,,,,,,,,kg,,,,,,,,,
kiri-signature-linen-dress-lavender-dr-9012b,,,,,,,,,XL,,,,,DR-9012B,1000,,100,deny,manual,349,1299,TRUE,TRUE,,https://cdn.shopify.com/s/files/1/0678/8415/5132/products/LavendrArtboard2.jpg?v=1705821531,5,,,,,,,,,,,,,,,,,kg,,,,,,,,,
kiri-signature-linen-dress-lavender-dr-9012b,,,,,,,,,XXL,,,,,DR-9012B,1000,,100,deny,manual,349,1299,TRUE,TRUE,,https://cdn.shopify.com/s/files/1/0678/8415/5132/products/LavendrArtboard3.jpg?v=1705821531,6,,,,,,,,,,,,,,,,,kg,,,,,,,,,
zaina-metallic-wrap-dress-black-dr-9010a,Zaina Metallic Wrap Dress - Black,"<p>A classic forever wrap dress in our signature soft hand-woven metallic linen with a pop coloured selvedge, full sleeves, light gathers and adjustable brass buttons.</p>",SALE IS LIVE ,,Dresses,Copy AI,TRUE,Size,XS,,,,,DR-9010A,1000,,100,deny,manual,349,1299,TRUE,TRUE,,https://cdn.shopify.com/s/files/1/0678/8415/5132/products/Untitled-1-0Artboard1.jpg?v=1705821513,1,,FALSE,,,,,,,,,,,,,,,kg,,,TRUE,,,TRUE,,,active
zaina-metallic-wrap-dress-black-dr-9010a,,,,,,,,,S,,,,,DR-9010A,1000,,100,deny,manual,349,1299,TRUE,TRUE,,https://cdn.shopify.com/s/files/1/0678/8415/5132/products/Untitled-1-0Artboard36.jpg?v=1705821513,2,,,,,,,,,,,,,,,,,kg,,,,,,,,,
zaina-metallic-wrap-dress-black-dr-9010a,,,,,,,,,M,,,,,DR-9010A,1000,,100,deny,manual,349,1299,TRUE,TRUE,,https://cdn.shopify.com/s/files/1/0678/8415/5132/products/Untitled-1-0Artboard2.jpg?v=1705821513,3,,,,,,,,,,,,,,,,,kg,,,,,,,,,
zaina-metallic-wrap-dress-black-dr-9010a,,,,,,,,,L,,,,,DR-9010A,1000,,100,deny,manual,349,1299,TRUE,TRUE,,https://cdn.shopify.com/s/files/1/0678/8415/5132/products/Untitled-1-0Artboard7.jpg?v=1705821513,4,,,,,,,,,,,,,,,,,kg,,,,,,,,,
zaina-metallic-wrap-dress-black-dr-9010a,,,,,,,,,XL,,,,,DR-9010A,1000,,100,deny,manual,349,1299,TRUE,TRUE,,https://cdn.shopify.com/s/files/1/0678/8415/5132/products/Untitled-1-0Artboard6.jpg?v=1705821513,5,,,,,,,,,,,,,,,,,kg,,,,,,,,,
zaina-metallic-wrap-dress-black-dr-9010a,,,,,,,,,XXL,,,,,DR-9010A,1000,,100,deny,manual,349,1299,TRUE,TRUE,,https://cdn.shopify.com/s/files/1/0678/8415/5132/products/Untitled-1-0Artboard5.jpg?v=1705821513,6,,,,,,,,,,,,,,,,,kg,,,,,,,,,
zaina-metallic-wrap-dress-black-dr-9010a,,,,,,,,,,,,,,,,,,,,,,,,,https://cdn.shopify.com/s/files/1/0678/8415/5132/products/Untitled-1-0Artboard4.jpg?v=1705821514,7,,,,,,,,,,,,,,,,,,,,,,,,,,
zaina-metallic-wrap-dress-black-dr-9010a,,,,,,,,,,,,,,,,,,,,,,,,,https://cdn.shopify.com/s/files/1/0678/8415/5132/products/BlackArtboard55.jpg?v=1705821514,8,,,,,,,,,,,,,,,,,,,,,,,,,,
zaina-metallic-wrap-dress-black-dr-9010a,,,,,,,,,,,,,,,,,,,,,,,,,https://cdn.shopify.com/s/files/1/0678/8415/5132/products/Untitled-1-0Artboard3.jpg?v=1705821514,9,,,,,,,,,,,,,,,,,,,,,,,,,,
rachida-hand-embroidered-dress-byzantium-dr-8312a,Rachida Hand-Embroidered Dress - Byzantium,<p>A statement boat-neck hand-embroidered dress handcrafted in our bespoke handloom linen fabric with a metallic handwoven border at the hem and 3/4th bell sleeves.</p>,SALE IS LIVE ,,Dresses,Copy AI,TRUE,Top Size,XS,,,,,DR-8312A-XS,1000,,100,deny,manual,349,1299,TRUE,TRUE,,https://cdn.shopify.com/s/files/1/0678/8415/5132/products/untitled_capture1085.jpg?v=1705821490,1,,FALSE,,,,,,,,,,,,,,,kg,,,TRUE,,,TRUE,,,active
rachida-hand-embroidered-dress-byzantium-dr-8312a,,,,,,,,,S,,,,,DR-8312A-S,1000,,100,deny,manual,349,1299,TRUE,TRUE,,https://cdn.shopify.com/s/files/1/0678/8415/5132/products/artboard_2_1.png?v=1705821490,2,,,,,,,,,,,,,,,,,kg,,,,,,,,,
rachida-hand-embroidered-dress-byzantium-dr-8312a,,,,,,,,,M,,,,,DR-8312A-M,1000,,100,deny,manual,349,1299,TRUE,TRUE,,https://cdn.shopify.com/s/files/1/0678/8415/5132/products/artboard_1_2.jpg?v=1705821490,3,,,,,,,,,,,,,,,,,kg,,,,,,,,,
rachida-hand-embroidered-dress-byzantium-dr-8312a,,,,,,,,,L,,,,,DR-8312A-L,1000,,100,deny,manual,349,1299,TRUE,TRUE,,https://cdn.shopify.com/s/files/1/0678/8415/5132/products/untitled_capture1089.jpg?v=1705821490,4,,,,,,,,,,,,,,,,,kg,,,,,,,,,
rachida-hand-embroidered-dress-byzantium-dr-8312a,,,,,,,,,XL,,,,,DR-8312A-XL,1000,,100,deny,manual,349,1299,TRUE,TRUE,,https://cdn.shopify.com/s/files/1/0678/8415/5132/products/untitled_capture1081.jpg?v=1705821490,5,,,,,,,,,,,,,,,,,kg,,,,,,,,,
rachida-hand-embroidered-dress-byzantium-dr-8312a,,,,,,,,,XXL,,,,,DR-8312A-XXL,1000,,100,deny,manual,349,1299,TRUE,TRUE,,https://cdn.shopify.com/s/files/1/0678/8415/5132/products/untitled_capture1092.jpg?v=1705821490,6,,,,,,,,,,,,,,,,,kg,,,,,,,,,
rachida-hand-embroidered-dress-byzantium-dr-8312a,,,,,,,,,,,,,,,,,,,,,,,,,https://cdn.shopify.com/s/files/1/0678/8415/5132/products/artboard_3_1.png?v=1705821490,7,,,,,,,,,,,,,,,,,,,,,,,,,,
ren-pintucked-linen-dress-ivory-dr-4002b-ivory,Ren Pintucked Linen Dress - Ivory,"<p>Handloom linen dress with a two coloured woven border, intricate hand-pintuck detailing in 2 coloured threads and comfortable pockets </p>",SALE IS LIVE ,,Dresses,Copy AI,TRUE,Top Size,XS,Add Slip,No Slip,,,DR-4002B-Ivory -XS--slip,1000,,100,deny,manual,349,1299,TRUE,TRUE,,https://cdn.shopify.com/s/files/1/0678/8415/5132/products/36-4.jpg?v=1705821475,1,,FALSE,,,,,,,,,,,,,,,kg,,,TRUE,,,TRUE,,,active
ren-pintucked-linen-dress-ivory-dr-4002b-ivory,,,,,,,,,XS,,Add Slip + INR 1800,,,,1000,,100,deny,manual,349,1299,TRUE,TRUE,,https://cdn.shopify.com/s/files/1/0678/8415/5132/products/36-1.jpg?v=1705821475,2,,,,,,,,,,,,,,,,,kg,,,,,,,,,
ren-pintucked-linen-dress-ivory-dr-4002b-ivory,,,,,,,,,S,,No Slip,,,DR-4002B-Ivory -S--slip,1000,,100,deny,manual,349,1299,TRUE,TRUE,,https://cdn.shopify.com/s/files/1/0678/8415/5132/products/36-2.jpg?v=1705821475,3,,,,,,,,,,,,,,,,,kg,,,,,,,,,
ren-pintucked-linen-dress-ivory-dr-4002b-ivory,,,,,,,,,S,,Add Slip + INR 1800,,,,1000,,100,deny,manual,349,1299,TRUE,TRUE,,https://cdn.shopify.com/s/files/1/0678/8415/5132/products/36-3.jpg?v=1705821475,4,,,,,,,,,,,,,,,,,kg,,,,,,,,,
ren-pintucked-linen-dress-ivory-dr-4002b-ivory,,,,,,,,,M,,No Slip,,,DR-4002B-Ivory -M--slip,1000,,100,deny,manual,349,1299,TRUE,TRUE,,,,,,,,,,,,,,,,,,,,kg,,,,,,,,,
ren-pintucked-linen-dress-ivory-dr-4002b-ivory,,,,,,,,,M,,Add Slip + INR 1800,,,,1000,,100,deny,manual,349,1299,TRUE,TRUE,,,,,,,,,,,,,,,,,,,,kg,,,,,,,,,
ren-pintucked-linen-dress-ivory-dr-4002b-ivory,,,,,,,,,L,,No Slip,,,DR-4002B-Ivory -L--slip,1000,,100,deny,manual,349,1299,TRUE,TRUE,,,,,,,,,,,,,,,,,,,,kg,,,,,,,,,
ren-pintucked-linen-dress-ivory-dr-4002b-ivory,,,,,,,,,L,,Add Slip + INR 1800,,,,1000,,100,deny,manual,349,1299,TRUE,TRUE,,,,,,,,,,,,,,,,,,,,kg,,,,,,,,,
ren-pintucked-linen-dress-ivory-dr-4002b-ivory,,,,,,,,,XL,,No Slip,,,DR-4002B-Ivory -XL--slip,1000,,100,deny,manual,349,1299,TRUE,TRUE,,,,,,,,,,,,,,,,,,,,kg,,,,,,,,,
ren-pintucked-linen-dress-ivory-dr-4002b-ivory,,,,,,,,,XL,,Add Slip + INR 1800,,,,1000,,100,deny,manual,349,1299,TRUE,TRUE,,,,,,,,,,,,,,,,,,,,kg,,,,,,,,,
ren-pintucked-linen-dress-ivory-dr-4002b-ivory,,,,,,,,,XXL,,No Slip,,,DR-4002B-Ivory -XXL--slip,1000,,100,deny,manual,349,1299,TRUE,TRUE,,,,,,,,,,,,,,,,,,,,kg,,,,,,,,,
ren-pintucked-linen-dress-ivory-dr-4002b-ivory,,,,,,,,,XXL,,Add Slip + INR 1800,,,,1000,,100,deny,manual,349,1299,TRUE,TRUE,,,,,,,,,,,,,,,,,,,,kg,,,,,,,,,
faiza-metallic-linen-dress-lavender-dr-9013b,Faiza Metallic Linen Dress - Lavender,"<p>A full-length tunic dress with slits, brass buttons in a concealed placket, elbow-length sleeves with cuff in our signature soft handloom metallic linen with a pop coloured selvedge. Classic and timeless, Faiza is wearable for many occasions, both formal and informal</p>",SALE IS LIVE ,,Dresses,Copy AI,TRUE,Size,XS,,,,,DR-9013B,1000,,100,deny,manual,349,1299,TRUE,TRUE,,https://cdn.shopify.com/s/files/1/0678/8415/5132/products/LavendrArtboard8_22a61127-82b6-47cd-9d81-494b5bcf1c15.jpg?v=1705821468,1,,FALSE,,,,,,,,,,,,,,,kg,,,TRUE,,,TRUE,,,active
faiza-metallic-linen-dress-lavender-dr-9013b,,,,,,,,,S,,,,,DR-9013B,1000,,100,deny,manual,349,1299,TRUE,TRUE,,https://cdn.shopify.com/s/files/1/0678/8415/5132/products/LavendrArtboard11_a4a3b324-7d84-4ce2-a291-a76a06fed6c4.jpg?v=1705821468,2,,,,,,,,,,,,,,,,,kg,,,,,,,,,
faiza-metallic-linen-dress-lavender-dr-9013b,,,,,,,,,M,,,,,DR-9013B,1000,,100,deny,manual,349,1299,TRUE,TRUE,,https://cdn.shopify.com/s/files/1/0678/8415/5132/products/LavendrArtboard10_1c3bf838-416a-4115-a52d-920beec15579.jpg?v=1705821468,3,,,,,,,,,,,,,,,,,kg,,,,,,,,,
faiza-metallic-linen-dress-lavender-dr-9013b,,,,,,,,,L,,,,,DR-9013B,1000,,100,deny,manual,349,1299,TRUE,TRUE,,https://cdn.shopify.com/s/files/1/0678/8415/5132/products/LavendrArtboard37_eaa7180d-7b78-4940-8058-7fe2d4c8e73b.jpg?v=1705821468,4,,,,,,,,,,,,,,,,,kg,,,,,,,,,
faiza-metallic-linen-dress-lavender-dr-9013b,,,,,,,,,XL,,,,,DR-9013B,1000,,100,deny,manual,349,1299,TRUE,TRUE,,https://cdn.shopify.com/s/files/1/0678/8415/5132/products/LavendrArtboard41_66ff9c24-ec5f-4f81-a1ea-f1af910864ba.jpg?v=1705821468,5,,,,,,,,,,,,,,,,,kg,,,,,,,,,
faiza-metallic-linen-dress-lavender-dr-9013b,,,,,,,,,XXL,,,,,DR-9013B,1000,,100,deny,manual,349,1299,TRUE,TRUE,,https://cdn.shopify.com/s/files/1/0678/8415/5132/products/LavendrArtboard38_ed05be55-35e8-4920-b29b-199db4f098a8.jpg?v=1705821468,6,,,,,,,,,,,,,,,,,kg,,,,,,,,,
faiza-metallic-linen-dress-lavender-dr-9013b,,,,,,,,,,,,,,,,,,,,,,,,,https://cdn.shopify.com/s/files/1/0678/8415/5132/products/LavendrArtboard40_5bc32d03-e7ff-4cbf-9ddb-f544ce335db3.jpg?v=1705821468,7,,,,,,,,,,,,,,,,,,,,,,,,,,
kiri-signature-linen-dress-black-dr-9012a,Kiri Signature Linen Dress - Black,"<p>Soft handloom metallic linen dress with boat neck, pockets, subtle gathers at the waist and half sleeves finished with self-woven pop-colored selvedge at the hem and sleeves. Perfect for an outdoor get-together or a relaxed evening look.</p>",SALE IS LIVE ,,Dresses,Copy AI,TRUE,Size,XS,,,,,DR-9012A,1000,,100,deny,manual,349,1299,TRUE,TRUE,,https://cdn.shopify.com/s/files/1/0678/8415/5132/products/Untitled-1-0Artboard13.jpg?v=1705821450,1,,FALSE,,,,,,,,,,,,,,,kg,,,TRUE,,,TRUE,,,active
kiri-signature-linen-dress-black-dr-9012a,,,,,,,,,S,,,,,DR-9012A,1000,,100,deny,manual,349,1299,TRUE,TRUE,,https://cdn.shopify.com/s/files/1/0678/8415/5132/products/Untitled-1-0Artboard14.jpg?v=1705821450,2,,,,,,,,,,,,,,,,,kg,,,,,,,,,
kiri-signature-linen-dress-black-dr-9012a,,,,,,,,,M,,,,,DR-9012A,1000,,100,deny,manual,349,1299,TRUE,TRUE,,https://cdn.shopify.com/s/files/1/0678/8415/5132/products/Untitled-1-0Artboard10.jpg?v=1705821450,3,,,,,,,,,,,,,,,,,kg,,,,,,,,,
kiri-signature-linen-dress-black-dr-9012a,,,,,,,,,L,,,,,DR-9012A,1000,,100,deny,manual,349,1299,TRUE,TRUE,,https://cdn.shopify.com/s/files/1/0678/8415/5132/products/Untitled-1-0Artboard9.jpg?v=1705821450,4,,,,,,,,,,,,,,,,,kg,,,,,,,,,
kiri-signature-linen-dress-black-dr-9012a,,,,,,,,,XL,,,,,DR-9012A,1000,,100,deny,manual,349,1299,TRUE,TRUE,,https://cdn.shopify.com/s/files/1/0678/8415/5132/products/Untitled-1-0Artboard11.jpg?v=1705821450,5,,,,,,,,,,,,,,,,,kg,,,,,,,,,
kiri-signature-linen-dress-black-dr-9012a,,,,,,,,,XXL,,,,,DR-9012A,1000,,100,deny,manual,349,1299,TRUE,TRUE,,https://cdn.shopify.com/s/files/1/0678/8415/5132/products/Untitled-1-0Artboard8.jpg?v=1705821450,6,,,,,,,,,,,,,,,,,kg,,,,,,,,,
kiri-signature-linen-dress-black-dr-9012a,,,,,,,,,,,,,,,,,,,,,,,,,https://cdn.shopify.com/s/files/1/0678/8415/5132/products/Untitled-1-0Artboard12.jpg?v=1705821450,7,,,,,,,,,,,,,,,,,,,,,,,,,,
nora-wool-dress-rose-dr-9207b,Nora Wool Dress - Rose,"<p>An A-line dress in our soft handwoven wool with a woven wool border. The Nora Dress has full sleeves, pockets, puffed sleeves and gathers at the shoulder. The dress comes with a wool belt with buckle to complete the look.</p>",SALE IS LIVE ,,Dresses,Copy AI,TRUE,Top Size,S/M,,,,,DR-9207B-XS,1000,,100,deny,manual,349,1299,TRUE,TRUE,,https://cdn.shopify.com/s/files/1/0678/8415/5132/products/NoraDress.jpg?v=1705821432,1,,FALSE,,,,,,,,,,,,,,,kg,,,TRUE,,,TRUE,,,active
nora-wool-dress-rose-dr-9207b,,,,,,,,,L/XL,,,,,DR-9207B-S,1000,,100,deny,manual,349,1299,TRUE,TRUE,,https://cdn.shopify.com/s/files/1/0678/8415/5132/products/40_0731.jpg?v=1705821432,2,,,,,,,,,,,,,,,,,kg,,,,,,,,,
nora-wool-dress-rose-dr-9207b,,,,,,,,,,,,,,,,,,,,,,,,,https://cdn.shopify.com/s/files/1/0678/8415/5132/products/48_0777.jpg?v=1705821432,3,,,,,,,,,,,,,,,,,,,,,,,,,,
nora-wool-dress-rose-dr-9207b,,,,,,,,,,,,,,,,,,,,,,,,,https://cdn.shopify.com/s/files/1/0678/8415/5132/products/44_0754.jpg?v=1705821432,4,,,,,,,,,,,,,,,,,,,,,,,,,,
nora-wool-dress-rose-dr-9207b,,,,,,,,,,,,,,,,,,,,,,,,,https://cdn.shopify.com/s/files/1/0678/8415/5132/products/43_0741.jpg?v=1705821432,5,,,,,,,,,,,,,,,,,,,,,,,,,,
nora-wool-dress-rose-dr-9207b,,,,,,,,,,,,,,,,,,,,,,,,,https://cdn.shopify.com/s/files/1/0678/8415/5132/products/45_0758.jpg?v=1705821432,6,,,,,,,,,,,,,,,,,,,,,,,,,,
nora-wool-dress-rose-dr-9207b,,,,,,,,,,,,,,,,,,,,,,,,,https://cdn.shopify.com/s/files/1/0678/8415/5132/products/39_0726.jpg?v=1705821432,7,,,,,,,,,,,,,,,,,,,,,,,,,,
nora-wool-dress-rose-dr-9207b,,,,,,,,,,,,,,,,,,,,,,,,,https://cdn.shopify.com/s/files/1/0678/8415/5132/products/41_0733.jpg?v=1705821432,8,,,,,,,,,,,,,,,,,,,,,,,,,,
nora-wool-dress-rose-dr-9207b,,,,,,,,,,,,,,,,,,,,,,,,,https://cdn.shopify.com/s/files/1/0678/8415/5132/products/46_0763.jpg?v=1705821432,9,,,,,,,,,,,,,,,,,,,,,,,,,,
nora-wool-dress-rose-dr-9207b,,,,,,,,,,,,,,,,,,,,,,,,,https://cdn.shopify.com/s/files/1/0678/8415/5132/products/42_0739.jpg?v=1705821432,10,,,,,,,,,,,,,,,,,,,,,,,,,,
nora-wool-dress-rose-dr-9207b,,,,,,,,,,,,,,,,,,,,,,,,,https://cdn.shopify.com/s/files/1/0678/8415/5132/products/47_070.jpg?v=1705821432,11,,,,,,,,,,,,,,,,,,,,,,,,,,
